customer_id,order_date,product_id,category_id,category_name,product_name,quantity,price,payment_method,city,review_score,gender,age
13542,12/17/2024,784,10,Electronics,Smartphone,2,373.36,Credit Card,New Oliviaberg,1,F,56
23188,6/1/2024,682,50,Sports & Outdoors,Soccer Ball,5,299.34,Credit Card,Port Matthew,,M,59
55098,2/4/2025,684,50,Sports & Outdoors,Tent,5,23,Credit Card,West Sarah,5,F,64
65208,10/28/2024,204,40,Books & Stationery,Story Book,2,230.11,Bank Transfer,Hernandezburgh,5,M,34
63872,5/10/2024,202,20,Fashion,Skirt,4,176.72,Credit Card,Jenkinshaven,1,F,33
29989,12/3/2024,829,10,Electronics,Smartphone,4,196.16,Bank Transfer,East Tonyaberg,5,F,21
79809,6/7/2024,706,10,Electronics,Tablet,5,272.75,Bank Transfer,North Jessicabury,,M,57
27282,7/15/2024,405,50,Sports & Outdoors,Yoga Mat,2,292.9,Cash on Delivery,Aliciaberg,,F,60
41394,12/17/2024,549,30,Home & Living,Pillow,3,429.11,Credit Card,West Larrymouth,3,F,69
48695,4/12/2024,545,30,Home & Living,Blanket,4,191.39,Credit Card,Lake Ian,5,F,34
27389,1/31/2025,549,10,Electronics,Smartwatch,2,321.14,Cash on Delivery,Elizabethmouth,5,M,26
74067,6/27/2024,773,40,Books & Stationery,Notebook,3,494.87,Cash on Delivery,Melanieberg,5,M,37
49331,5/21/2024,526,30,Home & Living,Pillow,5,122.23,Credit Card,Allisonland,5,M,32
61360,12/3/2024,544,10,Electronics,Laptop,3,457.44,Cash on Delivery,Myershaven,5,M,60
24426,2/7/2025,943,40,Books & Stationery,Pen,2,443.49,Cash on Delivery,South Tonya,4,M,67
10486,9/13/2024,297,20,Fashion,Shirt,2,274.1,Cash on Delivery,Port Allisonfort,4,F,54
75474,5/22/2024,107,40,Books & Stationery,Notebook,1,117.47,Credit Card,Levyport,4,M,73
79898,3/19/2024,871,10,Electronics,Smartphone,5,84.89,Credit Card,Fullerland,5,M,68
41736,10/28/2024,457,10,Electronics,Tablet,4,196.99,Bank Transfer,North Anthony,4,,72
69719,12/24/2024,941,10,Electronics,Smartphone,2,344.04,Cash on Delivery,North Whitneytown,5,F,29
93992,12/5/2024,853,30,Home & Living,Pillow,1,153.82,Credit Card,West Cynthiaton,4,,29
65011,2/20/2025,938,30,Home & Living,Carpet,4,383.36,Cash on Delivery,East Christopher,5,F,42
80441,7/26/2024,867,30,Home & Living,Carpet,2,308.4,Credit Card,Port Danielleview,3,M,52
95874,12/30/2024,424,50,Sports & Outdoors,Soccer Ball,3,303.48,Bank Transfer,East Christopherborough,,,48
11145,4/9/2024,461,30,Home & Living,Blanket,1,38.38,Cash on Delivery,Douglasport,5,M,34
81289,7/18/2024,485,40,Books & Stationery,Novel,1,489.21,Cash on Delivery,North Jamesside,5,M,60
36732,1/12/2025,704,40,Books & Stationery,Eraser,3,90.91,Cash on Delivery,North Carrie,5,M,42
33678,4/1/2024,732,20,Fashion,Shirt,1,380.08,Cash on Delivery,Port Kenneth,1,M,29
71289,1/11/2025,815,30,Home & Living,Vase,1,450.81,Bank Transfer,East Kylie,,M,50
86746,3/24/2024,768,30,Home & Living,Pillow,3,298.27,Credit Card,Mendezburgh,4,M,62
23094,1/17/2025,658,10,Electronics,Laptop,2,43.03,Credit Card,Kristenland,5,M,56
30037,8/5/2024,314,20,Fashion,Dress,5,337.8,Credit Card,Lake Sarah,4,F,28
61642,11/24/2024,264,50,Sports & Outdoors,Tent,1,241.61,Bank Transfer,Fryeberg,5,M,19
52189,9/1/2024,653,10,Electronics,Tablet,1,183.61,Bank Transfer,Lake Michael,4,F,49
71248,7/1/2024,289,10,Electronics,Smartphone,5,207.28,Bank Transfer,North Mary,5,M,42
14872,3/31/2024,353,20,Fashion,Pants,2,272.78,Credit Card,Cynthiaport,4,M,32
46992,5/13/2024,824,20,Fashion,T-shirt,2,227.13,Cash on Delivery,East Corytown,,F,30
21565,8/13/2024,499,50,Sports & Outdoors,Soccer Ball,4,484.81,Credit Card,Martinezview,,F,43
26160,3/4/2025,374,20,Fashion,Skirt,2,452.2,Credit Card,North Terrancehaven,3,,25
35007,6/9/2024,355,30,Home & Living,Vase,2,149.77,Cash on Delivery,Lake Rhondatown,5,,65
93989,4/25/2024,573,50,Sports & Outdoors,Running Shoes,5,85.85,Bank Transfer,Williamston,1,M,70
37401,8/16/2024,861,50,Sports & Outdoors,Soccer Ball,1,376.51,Credit Card,Lake Jeffrey,,F,63
82700,5/30/2024,410,50,Sports & Outdoors,Basketball,5,37.87,Cash on Delivery,New Carolfort,,M,55
38245,11/11/2024,615,50,Sports & Outdoors,Soccer Ball,4,340.85,Credit Card,Franklinmouth,4,,36
76140,6/29/2024,673,50,Sports & Outdoors,Basketball,2,293.67,Credit Card,New Terri,5,M,65
63313,8/9/2024,182,50,Sports & Outdoors,Tent,5,266.16,Bank Transfer,Jeffreyview,1,F,59
10299,11/27/2024,971,20,Fashion,Dress,4,203.94,Cash on Delivery,Teresaville,5,F,33
32232,9/23/2024,476,10,Electronics,Smartphone,1,234.56,Cash on Delivery,Mcdonaldmouth,5,M,55
48690,4/11/2024,161,20,Fashion,Shirt,3,139.95,Bank Transfer,West Geraldhaven,5,F,18
94108,1/20/2025,837,30,Home & Living,Painting,2,87.3,Cash on Delivery,Bowmanmouth,5,F,72
54503,4/3/2024,416,50,Sports & Outdoors,Soccer Ball,2,337.25,Cash on Delivery,Walkerland,2,F,42
69170,5/30/2024,660,20,Fashion,Dress,4,66.56,Credit Card,Port Patriciashire,5,M,62
68220,9/15/2024,961,30,Home & Living,Carpet,2,113.21,Bank Transfer,Jacobburgh,1,F,50
53004,9/19/2024,309,30,Home & Living,Carpet,5,249.38,Credit Card,New Brittanytown,,M,20
57158,7/25/2024,294,30,Home & Living,Pillow,4,11.74,Credit Card,Woodshaven,5,M,59
15676,4/22/2024,649,40,Books & Stationery,Eraser,3,355.78,Cash on Delivery,Rachelland,,M,72
34358,1/16/2025,945,20,Fashion,Shirt,1,27.65,Bank Transfer,Gonzalezshire,4,M,50
83983,8/1/2024,395,20,Fashion,T-shirt,5,161.05,Credit Card,Blakeshire,5,M,55
56955,7/14/2024,922,20,Fashion,T-shirt,1,183.3,Cash on Delivery,Whitakerview,5,M,24
73293,4/30/2024,799,50,Sports & Outdoors,Basketball,1,463.62,Credit Card,Port Thomaston,5,,72
68416,12/15/2024,311,20,Fashion,Skirt,5,22.15,Cash on Delivery,New Jeremy,5,F,44
51031,5/25/2024,216,40,Books & Stationery,Story Book,4,140.73,Cash on Delivery,Lake Nancy,,F,50
49701,4/21/2024,684,40,Books & Stationery,Story Book,1,107.79,Bank Transfer,Lake Jasmineport,3,F,63
32080,5/13/2024,354,20,Fashion,Pants,4,21.6,Credit Card,Garrisonberg,3,M,18
13112,12/15/2024,202,10,Electronics,Headphones,2,182.06,Cash on Delivery,South Katherineside,3,,35
27303,5/25/2024,119,50,Sports & Outdoors,Yoga Mat,1,470.23,Credit Card,Mccallhaven,5,M,26
89064,11/10/2024,533,50,Sports & Outdoors,Yoga Mat,3,28.75,Cash on Delivery,Lake Teresafurt,4,F,74
76490,12/17/2024,362,30,Home & Living,Vase,5,307.04,Cash on Delivery,Roymouth,,F,48
45081,2/5/2025,721,20,Fashion,Dress,4,31.75,Bank Transfer,East Charles,,,55
65624,3/26/2024,732,50,Sports & Outdoors,Basketball,2,188.47,Credit Card,West Krista,5,,63
94700,6/15/2024,675,50,Sports & Outdoors,Yoga Mat,3,335.06,Credit Card,Hobbston,5,M,23
73009,3/27/2024,569,30,Home & Living,Vase,4,169.83,Cash on Delivery,Jacobfurt,2,M,29
55865,3/26/2024,915,40,Books & Stationery,Pen,1,341.89,Credit Card,New Felicia,5,M,64
75453,6/22/2024,260,50,Sports & Outdoors,Soccer Ball,3,158.9,Credit Card,Spencerside,4,F,33
47548,1/31/2025,381,30,Home & Living,Vase,2,226.48,Cash on Delivery,West Jacob,1,F,36
85352,7/4/2024,755,20,Fashion,T-shirt,5,149.06,Cash on Delivery,East Ana,5,M,38
99624,6/29/2024,624,20,Fashion,Dress,4,120.07,Credit Card,West Louis,,M,20
53811,9/21/2024,551,40,Books & Stationery,Eraser,5,426.37,Credit Card,Port Cristianfort,4,F,52
59944,2/6/2025,293,50,Sports & Outdoors,Basketball,2,361.99,Bank Transfer,Lake Charlestown,4,M,51
20770,11/1/2024,941,10,Electronics,Smartphone,2,391.43,Credit Card,Moranland,,,44
95322,3/14/2025,621,50,Sports & Outdoors,Running Shoes,2,34.61,Credit Card,Marcusville,5,M,43
44293,10/26/2024,212,20,Fashion,Skirt,4,337.11,Cash on Delivery,West Sandrachester,4,,72
11849,8/14/2024,141,40,Books & Stationery,Eraser,5,409.35,Cash on Delivery,South Scott,4,,23
79537,10/18/2024,858,40,Books & Stationery,Story Book,5,374.39,Bank Transfer,Anthonyborough,4,F,30
22604,2/8/2025,351,30,Home & Living,Carpet,1,247.45,Credit Card,East Russellville,2,M,47
36231,5/18/2024,606,30,Home & Living,Blanket,5,143.14,Bank Transfer,Port Richardfurt,5,M,72
64684,11/16/2024,166,20,Fashion,Pants,1,197.69,Credit Card,New Brooke,5,M,53
64326,8/15/2024,348,40,Books & Stationery,Notebook,5,275.88,Bank Transfer,Rachelburgh,,F,63
82168,1/23/2025,653,40,Books & Stationery,Eraser,2,473.57,Credit Card,West Matthewton,5,F,44
63919,4/23/2024,209,40,Books & Stationery,Pen,3,12.89,Bank Transfer,Jeffreyville,2,M,54
54901,6/4/2024,491,40,Books & Stationery,Eraser,3,376.28,Cash on Delivery,Stacieberg,5,F,23
97350,3/6/2025,770,40,Books & Stationery,Story Book,4,143.74,Bank Transfer,West Kathleen,,M,70
45435,7/6/2024,349,40,Books & Stationery,Story Book,3,421.85,Credit Card,Port Hectorbury,5,F,25
92572,6/29/2024,634,40,Books & Stationery,Eraser,4,286.55,Credit Card,East David,,M,60
10539,3/17/2025,142,40,Books & Stationery,Story Book,1,34.64,Bank Transfer,Anthonyport,3,F,44
94316,6/14/2024,979,30,Home & Living,Vase,1,146.35,Bank Transfer,Garzachester,2,M,18
64578,7/1/2024,650,10,Electronics,Smartwatch,1,35.52,Bank Transfer,Lake Kristy,1,M,54
77823,9/27/2024,994,10,Electronics,Smartphone,5,475.31,Credit Card,South Roger,5,F,34
67215,12/2/2024,912,20,Fashion,Pants,1,242.04,Credit Card,Codyburgh,4,M,71
50937,11/5/2024,101,30,Home & Living,Painting,1,92.22,Cash on Delivery,Stevensonside,5,F,46
66782,7/4/2024,865,20,Fashion,Dress,2,62.97,Credit Card,Hardingfort,5,F,48
72081,7/25/2024,563,40,Books & Stationery,Pen,3,471.32,Credit Card,Trevinoland,,F,63
58706,2/7/2025,613,20,Fashion,T-shirt,4,351.62,Bank Transfer,Lake Cody,5,F,65
61717,8/31/2024,705,10,Electronics,Smartwatch,2,393.49,Bank Transfer,East Alyssa,4,F,57
48366,10/12/2024,292,10,Electronics,Smartwatch,3,327.3,Credit Card,Moraleshaven,5,F,48
26652,9/24/2024,952,10,Electronics,Tablet,2,480.79,Cash on Delivery,Danielstad,5,F,48
49861,11/24/2024,832,20,Fashion,Skirt,2,96.31,Cash on Delivery,Brianburgh,5,M,46
70446,5/2/2024,918,50,Sports & Outdoors,Running Shoes,5,237.79,Cash on Delivery,Amyhaven,4,M,56
66861,2/23/2025,360,20,Fashion,T-shirt,3,146.67,Bank Transfer,Reynoldsborough,1,F,20
33496,9/24/2024,863,50,Sports & Outdoors,Running Shoes,5,174.83,Bank Transfer,Port Ginaside,5,M,71
65546,4/1/2024,575,20,Fashion,Dress,4,400.94,Bank Transfer,Davidton,2,F,65
58032,4/4/2024,133,30,Home & Living,Carpet,4,14.97,Credit Card,Lake Sethfurt,,F,22
52835,4/11/2024,159,40,Books & Stationery,Eraser,2,381.5,Cash on Delivery,North Davidchester,4,F,31
54614,12/10/2024,704,40,Books & Stationery,Novel,1,55.6,Credit Card,Stephanieshire,4,M,61
47601,7/31/2024,793,50,Sports & Outdoors,Yoga Mat,2,241.9,Cash on Delivery,South Ashleyshire,3,,24
39945,6/6/2024,273,50,Sports & Outdoors,Yoga Mat,5,182.39,Bank Transfer,North Christinaview,2,M,75
44020,12/23/2024,798,10,Electronics,Laptop,5,164.62,Cash on Delivery,New Michaeltown,4,F,62
89883,5/25/2024,182,20,Fashion,Pants,5,116.03,Bank Transfer,East Justin,2,F,66
51106,3/3/2025,222,50,Sports & Outdoors,Tent,2,148.67,Credit Card,New Carol,5,M,38
39236,6/5/2024,793,30,Home & Living,Blanket,1,158.11,Cash on Delivery,Osborneland,4,M,47
39267,10/2/2024,399,10,Electronics,Smartwatch,3,153.15,Credit Card,North Danielburgh,5,F,74
20814,12/18/2024,914,10,Electronics,Smartphone,4,291.29,Bank Transfer,South Melodystad,4,M,65
62697,9/19/2024,774,10,Electronics,Headphones,2,471.12,Bank Transfer,Murrayville,,M,25
45453,8/15/2024,363,40,Books & Stationery,Novel,3,292.74,Cash on Delivery,West Michaelton,,M,63
41166,4/17/2024,783,50,Sports & Outdoors,Yoga Mat,5,51.74,Credit Card,North Matthew,,F,61
12817,6/6/2024,466,50,Sports & Outdoors,Tent,4,397.46,Credit Card,North Angela,5,M,40
86435,7/30/2024,988,40,Books & Stationery,Notebook,4,431.48,Bank Transfer,Christopherport,3,F,48
16539,4/10/2024,334,50,Sports & Outdoors,Soccer Ball,3,474.32,Credit Card,Kathleenton,5,M,21
32285,8/23/2024,978,10,Electronics,Laptop,1,127.53,Cash on Delivery,West Danielborough,,M,43
73165,12/29/2024,237,40,Books & Stationery,Eraser,2,240.26,Credit Card,Mariaborough,1,F,48
28298,6/7/2024,555,40,Books & Stationery,Novel,3,346.82,Bank Transfer,Port Denisemouth,5,F,18
77934,1/16/2025,695,20,Fashion,Skirt,1,66.24,Credit Card,Holmesland,5,,27
42115,11/9/2024,135,20,Fashion,T-shirt,4,39.22,Bank Transfer,North Johnland,4,F,55
10254,9/10/2024,318,30,Home & Living,Vase,1,70.93,Cash on Delivery,Port Christine,3,M,73
39027,12/26/2024,757,30,Home & Living,Carpet,1,274.59,Bank Transfer,Russellton,,M,23
30197,7/9/2024,386,40,Books & Stationery,Notebook,1,305.82,Credit Card,Port George,,,39
83687,8/26/2024,115,50,Sports & Outdoors,Tent,5,475.89,Cash on Delivery,Melanieborough,5,F,52
88015,5/20/2024,285,20,Fashion,Skirt,4,264.29,Bank Transfer,Kathleenview,5,M,62
84063,1/20/2025,744,50,Sports & Outdoors,Running Shoes,5,321.04,Bank Transfer,Scottfort,5,F,43
50447,10/21/2024,910,40,Books & Stationery,Notebook,3,167.32,Credit Card,Kathyton,5,M,22
29786,9/10/2024,749,40,Books & Stationery,Notebook,3,334.67,Bank Transfer,South Brianstad,5,F,23
79948,8/14/2024,858,40,Books & Stationery,Novel,2,164.11,Bank Transfer,South Caroline,,F,66
68238,3/17/2025,261,50,Sports & Outdoors,Soccer Ball,3,332.25,Cash on Delivery,New Brandon,4,M,68
66682,2/4/2025,632,50,Sports & Outdoors,Yoga Mat,1,315.09,Bank Transfer,Cartermouth,5,F,42
47971,4/6/2024,363,20,Fashion,Dress,5,279.12,Bank Transfer,East Dawn,4,F,47
54869,3/29/2024,369,10,Electronics,Smartphone,4,486.84,Cash on Delivery,Martinburgh,5,F,42
28063,5/3/2024,398,30,Home & Living,Carpet,5,16.7,Bank Transfer,Robertsbury,,,26
99909,8/11/2024,233,10,Electronics,Tablet,1,474.06,Cash on Delivery,Sheltonmouth,5,F,37
77523,1/28/2025,543,30,Home & Living,Carpet,5,355.65,Bank Transfer,Danielfurt,5,,21
60807,1/7/2025,798,20,Fashion,Skirt,1,280.12,Bank Transfer,East Andrea,,F,39
77884,12/5/2024,620,20,Fashion,T-shirt,3,145.36,Bank Transfer,Shortmouth,3,F,41
76854,9/14/2024,845,30,Home & Living,Pillow,2,148.59,Bank Transfer,Andrewmouth,5,F,64
35603,8/15/2024,177,40,Books & Stationery,Story Book,4,228.81,Bank Transfer,Lake Brent,3,F,68
14361,12/12/2024,178,50,Sports & Outdoors,Running Shoes,4,233.12,Bank Transfer,Robertbury,5,,23
99182,12/19/2024,395,20,Fashion,Shirt,3,197.66,Bank Transfer,Garciahaven,,F,23
57585,1/7/2025,394,40,Books & Stationery,Pen,4,494.32,Cash on Delivery,Lauraburgh,5,F,50
75434,12/3/2024,775,10,Electronics,Laptop,3,256.12,Cash on Delivery,Craigmouth,3,M,21
49651,4/8/2024,937,40,Books & Stationery,Novel,4,267.72,Bank Transfer,West Elizabethbury,,M,19
80835,12/26/2024,114,20,Fashion,T-shirt,3,240.05,Bank Transfer,Lake Carla,3,F,40
46326,12/15/2024,625,10,Electronics,Headphones,4,427.65,Cash on Delivery,Andersonchester,3,M,31
11108,6/26/2024,575,40,Books & Stationery,Eraser,2,27.59,Credit Card,South Jeffrey,1,F,58
82916,8/24/2024,180,30,Home & Living,Blanket,1,375.92,Bank Transfer,New Alicia,5,F,73
37787,8/2/2024,971,10,Electronics,Tablet,3,91.52,Bank Transfer,West Mariaton,5,M,35
43043,2/27/2025,203,10,Electronics,Headphones,5,185.65,Bank Transfer,East Justintown,,F,24
74956,12/14/2024,204,50,Sports & Outdoors,Basketball,5,93.29,Credit Card,Kristenberg,5,M,58
62833,4/5/2024,955,20,Fashion,Skirt,1,457.29,Credit Card,East Matthew,1,F,71
93806,5/17/2024,606,40,Books & Stationery,Notebook,4,336.75,Bank Transfer,Donaldhaven,5,F,37
12572,1/22/2025,656,20,Fashion,T-shirt,4,226.45,Bank Transfer,North Zacharytown,5,M,46
87787,5/13/2024,836,40,Books & Stationery,Notebook,2,233.85,Bank Transfer,East Daniel,,M,67
77178,9/17/2024,167,40,Books & Stationery,Novel,5,126.23,Cash on Delivery,Lake Ryanland,3,M,61
70476,10/13/2024,883,30,Home & Living,Pillow,1,489.19,Cash on Delivery,West Amandamouth,3,M,32
66492,2/21/2025,112,10,Electronics,Smartwatch,4,375.13,Bank Transfer,Port Thomas,5,M,30
62824,12/25/2024,629,30,Home & Living,Blanket,5,321.94,Cash on Delivery,Port Jo,2,F,63
85614,3/13/2025,189,20,Fashion,T-shirt,5,452.67,Cash on Delivery,Harrisberg,,F,70
89312,8/30/2024,276,10,Electronics,Smartwatch,3,188.78,Credit Card,Veronicaburgh,,M,31
59644,10/28/2024,139,40,Books & Stationery,Story Book,5,108.39,Cash on Delivery,Cynthiaburgh,5,M,61
77706,6/17/2024,111,50,Sports & Outdoors,Yoga Mat,2,416.93,Bank Transfer,Edwardstad,5,,33
69355,12/4/2024,683,30,Home & Living,Painting,1,404.07,Bank Transfer,South Susanstad,5,M,18
30464,7/1/2024,563,20,Fashion,Skirt,2,483.96,Cash on Delivery,Derekside,3,F,25
77850,6/19/2024,633,10,Electronics,Headphones,4,272.92,Bank Transfer,Lake Sharonstad,3,F,30
96195,9/25/2024,975,30,Home & Living,Carpet,4,196.7,Cash on Delivery,Port Matthew,5,M,27
17277,10/21/2024,157,20,Fashion,Skirt,4,22.26,Cash on Delivery,Lake Michaelhaven,3,F,70
48665,5/14/2024,620,10,Electronics,Tablet,2,455.6,Bank Transfer,South Huntermouth,5,M,65
55003,11/13/2024,910,10,Electronics,Smartphone,4,159.14,Bank Transfer,Englishmouth,,M,74
98322,4/8/2024,157,50,Sports & Outdoors,Basketball,1,200.44,Bank Transfer,North Alexis,5,F,60
46001,10/14/2024,661,50,Sports & Outdoors,Running Shoes,1,297.8,Cash on Delivery,Hayesshire,,M,40
56829,8/4/2024,839,10,Electronics,Tablet,1,311.67,Bank Transfer,West Justinburgh,,M,59
15545,12/8/2024,128,40,Books & Stationery,Pen,2,475.77,Bank Transfer,Johnsonborough,,F,65
21109,7/17/2024,719,50,Sports & Outdoors,Yoga Mat,3,39.67,Bank Transfer,Sellersland,,M,37
59875,8/2/2024,210,40,Books & Stationery,Novel,4,334.76,Cash on Delivery,Sherylfort,5,,49
71005,9/26/2024,203,10,Electronics,Headphones,3,129.35,Credit Card,Grahamhaven,5,M,28
77455,6/29/2024,845,50,Sports & Outdoors,Basketball,3,297.33,Credit Card,Joshuamouth,3,M,64
16285,10/30/2024,579,50,Sports & Outdoors,Soccer Ball,4,145.86,Credit Card,Savannahmouth,5,F,59
20485,6/7/2024,602,20,Fashion,T-shirt,4,333.92,Credit Card,Gregoryview,,M,44
56705,8/12/2024,299,20,Fashion,Shirt,2,168.65,Credit Card,Michellefort,2,M,38
25974,2/12/2025,123,40,Books & Stationery,Eraser,1,65.69,Credit Card,East Marymouth,4,F,71
99133,1/5/2025,928,50,Sports & Outdoors,Tent,1,63.44,Cash on Delivery,Brianfort,1,F,26
60024,8/21/2024,643,50,Sports & Outdoors,Yoga Mat,5,234.44,Credit Card,Port Suzannebury,,F,71
53269,8/9/2024,314,40,Books & Stationery,Pen,5,346.19,Bank Transfer,New Amyfurt,5,M,54
23687,3/3/2025,371,10,Electronics,Headphones,2,308.07,Credit Card,New Peterport,,F,68
16821,5/18/2024,175,50,Sports & Outdoors,Tent,4,358.95,Bank Transfer,Port Jeremyfurt,5,F,68
25702,3/12/2025,423,40,Books & Stationery,Eraser,4,306.66,Credit Card,New Brian,5,M,40
24054,11/5/2024,953,50,Sports & Outdoors,Basketball,3,220.73,Credit Card,Lake Michaelfort,4,F,26
85558,4/27/2024,619,40,Books & Stationery,Pen,3,367.51,Bank Transfer,South Lauramouth,4,F,60
98627,1/24/2025,886,30,Home & Living,Blanket,4,346.54,Bank Transfer,Taylorport,,F,25
32058,5/27/2024,843,10,Electronics,Tablet,3,57.32,Cash on Delivery,East Christopherfurt,3,M,28
28608,4/8/2024,436,10,Electronics,Smartwatch,1,478.75,Cash on Delivery,Annaborough,3,M,51
58103,1/29/2025,389,30,Home & Living,Vase,3,435.37,Cash on Delivery,Nicholasfurt,,M,18
25747,3/18/2025,874,30,Home & Living,Painting,4,60.76,Cash on Delivery,Amandaborough,1,F,64
75314,5/31/2024,417,20,Fashion,T-shirt,1,181.56,Cash on Delivery,Shawnview,3,F,24
33743,12/24/2024,405,50,Sports & Outdoors,Basketball,3,405.54,Cash on Delivery,New Jonathan,5,F,64
21731,8/19/2024,206,50,Sports & Outdoors,Tent,5,22.86,Cash on Delivery,Lake Annburgh,5,M,34
66977,3/18/2025,568,20,Fashion,Dress,1,354.32,Bank Transfer,Henryborough,5,M,67
25952,12/30/2024,448,20,Fashion,Pants,5,287.5,Bank Transfer,Amandafort,,F,73
80882,2/27/2025,511,10,Electronics,Smartphone,3,375.59,Credit Card,Mitchellfort,3,F,32
27123,12/27/2024,144,20,Fashion,Dress,3,162.7,Bank Transfer,Saunderston,5,F,18
60144,1/23/2025,287,10,Electronics,Smartphone,4,86.23,Cash on Delivery,Marshallside,,M,65
85940,7/15/2024,722,40,Books & Stationery,Pen,1,247.97,Bank Transfer,East Kimberlyshire,4,M,37
53860,5/14/2024,490,50,Sports & Outdoors,Soccer Ball,2,179.13,Credit Card,West Thomas,2,F,62
32569,2/6/2025,336,40,Books & Stationery,Eraser,2,336.89,Credit Card,Port Catherine,1,,26
72236,7/5/2024,959,10,Electronics,Smartphone,5,110.17,Credit Card,Lake Jessefort,5,F,47
79004,5/14/2024,190,30,Home & Living,Painting,4,68.79,Bank Transfer,Sarahtown,5,M,50
39329,8/28/2024,218,40,Books & Stationery,Eraser,2,354.8,Cash on Delivery,Jessicastad,4,F,59
53191,11/21/2024,852,30,Home & Living,Pillow,4,204.56,Cash on Delivery,Jenniferberg,,M,30
44035,8/10/2024,974,10,Electronics,Headphones,4,292.12,Cash on Delivery,Cassandraville,4,F,39
16865,1/6/2025,991,30,Home & Living,Pillow,3,208.47,Bank Transfer,Port Stephanie,,,39
68850,2/7/2025,484,40,Books & Stationery,Notebook,1,53.18,Credit Card,North Elizabethbury,1,F,58
64425,12/19/2024,780,50,Sports & Outdoors,Soccer Ball,5,203.93,Bank Transfer,New Ronniebury,5,M,22
52324,9/20/2024,932,20,Fashion,T-shirt,2,260.14,Credit Card,New Patriciaville,4,M,64
11008,7/23/2024,981,30,Home & Living,Painting,2,366.42,Cash on Delivery,Lake Emilymouth,5,M,58
47725,9/12/2024,320,20,Fashion,Dress,3,106.66,Cash on Delivery,Bradleyview,,F,36
18819,6/16/2024,775,10,Electronics,Laptop,4,476.13,Cash on Delivery,Wesleyborough,4,F,70
95354,7/13/2024,394,50,Sports & Outdoors,Running Shoes,2,343.76,Cash on Delivery,Shawberg,5,,30
48878,9/7/2024,814,30,Home & Living,Painting,2,83.97,Credit Card,Kellymouth,4,F,75
44704,2/25/2025,911,30,Home & Living,Carpet,4,37.52,Cash on Delivery,Mccannfurt,,F,62
88424,6/6/2024,535,10,Electronics,Smartphone,2,190.68,Bank Transfer,West Timothy,,F,44
73269,1/3/2025,748,10,Electronics,Smartwatch,2,301.1,Bank Transfer,Conniebury,4,F,24
38565,10/28/2024,884,10,Electronics,Tablet,5,455.43,Cash on Delivery,Nicoletown,5,M,50
33851,11/13/2024,713,40,Books & Stationery,Eraser,5,83.92,Credit Card,Mcdanielchester,4,F,48
76010,9/24/2024,248,30,Home & Living,Pillow,1,257.23,Credit Card,Stevenfurt,,F,51
75278,3/3/2025,538,40,Books & Stationery,Eraser,3,266.15,Credit Card,Javierview,3,,59
51458,1/27/2025,400,40,Books & Stationery,Pen,1,389.49,Cash on Delivery,Mcintyreburgh,4,F,19
21004,4/17/2024,843,30,Home & Living,Pillow,5,171.55,Cash on Delivery,Lake Catherine,5,M,30
50813,1/29/2025,481,50,Sports & Outdoors,Basketball,4,173.35,Cash on Delivery,East Hannah,5,,70
51301,1/7/2025,398,30,Home & Living,Vase,5,73.19,Cash on Delivery,Henrystad,5,M,43
23601,8/12/2024,468,40,Books & Stationery,Notebook,3,408.46,Cash on Delivery,East William,5,,57
12469,6/24/2024,816,50,Sports & Outdoors,Soccer Ball,3,326.55,Bank Transfer,Riveraview,4,M,35
77150,10/10/2024,371,30,Home & Living,Blanket,4,476.07,Bank Transfer,Anthonyside,5,F,69
11829,5/10/2024,651,20,Fashion,Pants,5,85.92,Bank Transfer,Brendaton,5,M,41
44470,3/20/2024,188,50,Sports & Outdoors,Tent,5,28.5,Bank Transfer,Lake Triciaburgh,5,F,61
94532,11/6/2024,335,50,Sports & Outdoors,Running Shoes,4,85.58,Credit Card,Port Lisa,5,F,41
55184,6/9/2024,151,20,Fashion,Skirt,5,31.41,Bank Transfer,Port Edward,5,M,23
51963,8/4/2024,471,40,Books & Stationery,Eraser,3,149.61,Cash on Delivery,Lake Rachaelside,5,M,61
56464,9/23/2024,361,20,Fashion,Dress,1,483.14,Bank Transfer,Jonathanport,5,M,44
58911,7/3/2024,489,50,Sports & Outdoors,Running Shoes,1,236.22,Bank Transfer,Ashleyfort,5,F,72
92232,3/28/2024,961,40,Books & Stationery,Story Book,4,410.28,Cash on Delivery,Adamsfort,,M,33
67837,2/2/2025,671,40,Books & Stationery,Notebook,1,281.72,Credit Card,West Amyhaven,5,F,39
23747,8/15/2024,558,10,Electronics,Headphones,1,51.1,Credit Card,Tammymouth,2,,36
22228,2/8/2025,789,20,Fashion,Skirt,1,54.94,Credit Card,Barryton,5,F,62
89639,7/17/2024,124,10,Electronics,Tablet,4,36.1,Cash on Delivery,Pierceport,3,M,25
10848,5/26/2024,281,10,Electronics,Headphones,5,120.02,Bank Transfer,Vickimouth,5,F,67
39860,3/11/2025,967,30,Home & Living,Blanket,1,77.42,Bank Transfer,Port Josephview,5,F,53
38512,3/9/2025,976,20,Fashion,Skirt,5,229.81,Credit Card,Huntershire,5,M,34
73069,8/1/2024,171,20,Fashion,Pants,2,278.91,Cash on Delivery,Valerieview,5,M,38
25229,10/9/2024,644,30,Home & Living,Blanket,2,157.56,Credit Card,Anthonybury,1,F,27
32206,10/13/2024,400,50,Sports & Outdoors,Running Shoes,4,40.78,Bank Transfer,North Juliaborough,4,M,28
47231,11/12/2024,802,50,Sports & Outdoors,Tent,2,128.55,Credit Card,Port Elizabeth,2,M,23
97281,12/7/2024,450,30,Home & Living,Blanket,4,289.63,Credit Card,Ramirezton,5,M,32
30321,12/11/2024,665,30,Home & Living,Pillow,3,477.17,Cash on Delivery,Alvaradoview,4,,59
43115,12/28/2024,144,50,Sports & Outdoors,Soccer Ball,3,201.32,Bank Transfer,New Joshua,,M,65
12858,6/16/2024,957,30,Home & Living,Painting,3,376.19,Bank Transfer,Port Briana,5,M,28
56081,3/9/2025,502,10,Electronics,Smartwatch,5,370.24,Bank Transfer,Kennethton,,M,38
54630,2/5/2025,967,30,Home & Living,Blanket,4,416.89,Cash on Delivery,Port Steve,4,F,64
99272,4/26/2024,847,20,Fashion,Pants,3,40.92,Bank Transfer,South Becky,,M,66
99923,12/28/2024,145,20,Fashion,T-shirt,3,164.64,Bank Transfer,Port Thomasstad,4,,66
29197,6/26/2024,491,50,Sports & Outdoors,Running Shoes,5,134.12,Cash on Delivery,Lake Anne,,M,49
91976,1/19/2025,321,10,Electronics,Headphones,2,143.88,Bank Transfer,Fernandezside,4,M,74
69112,6/12/2024,234,40,Books & Stationery,Pen,2,176.13,Credit Card,North Heatherborough,4,F,29
41492,7/2/2024,631,50,Sports & Outdoors,Yoga Mat,2,402.56,Cash on Delivery,Kathrynton,4,M,74
72727,12/26/2024,773,20,Fashion,Shirt,3,153.95,Credit Card,Brownland,,F,42
35088,8/14/2024,157,30,Home & Living,Vase,5,305.28,Bank Transfer,Port Michelle,,M,50
67667,11/14/2024,854,40,Books & Stationery,Novel,3,366.14,Bank Transfer,Ericville,5,M,37
42238,7/24/2024,756,10,Electronics,Smartphone,4,338.88,Bank Transfer,Lake Sara,3,F,55
25852,2/4/2025,544,20,Fashion,T-shirt,3,79.96,Cash on Delivery,Jamesside,5,M,21
79864,4/7/2024,825,20,Fashion,T-shirt,5,125.64,Cash on Delivery,Jennifermouth,3,M,36
17044,3/28/2024,502,50,Sports & Outdoors,Soccer Ball,1,306.5,Cash on Delivery,New Mindymouth,4,M,47
96947,1/27/2025,148,40,Books & Stationery,Novel,5,291.22,Cash on Delivery,Jonesport,3,M,35
63024,12/24/2024,990,30,Home & Living,Blanket,3,480.65,Credit Card,Kimberlymouth,5,F,73
38096,5/30/2024,826,40,Books & Stationery,Eraser,1,67.7,Bank Transfer,Georgeville,5,M,58
50848,8/27/2024,721,50,Sports & Outdoors,Yoga Mat,4,350.05,Bank Transfer,Michaelside,1,M,65
37762,3/7/2025,442,10,Electronics,Tablet,1,94.6,Cash on Delivery,New Steven,4,M,32
70317,8/20/2024,151,30,Home & Living,Painting,1,357.67,Cash on Delivery,Elliottfort,4,F,27
88802,11/12/2024,452,20,Fashion,Pants,2,398.91,Cash on Delivery,Sandrafurt,1,,56
86646,9/20/2024,279,20,Fashion,Pants,2,397.28,Credit Card,New Kelly,3,F,55
84845,5/15/2024,614,40,Books & Stationery,Eraser,4,73.59,Credit Card,Mejiahaven,,M,71
29895,4/17/2024,150,40,Books & Stationery,Eraser,3,211.29,Bank Transfer,Ramirezmouth,5,M,47
48604,3/30/2024,899,30,Home & Living,Pillow,5,230.49,Cash on Delivery,Port Sandra,4,M,36
54625,1/21/2025,539,50,Sports & Outdoors,Tent,3,99.16,Credit Card,West Tyler,4,,70
10403,5/3/2024,643,10,Electronics,Smartphone,5,263.87,Bank Transfer,Lake Kimberlyburgh,,M,65
46059,1/27/2025,266,20,Fashion,Dress,4,474.27,Cash on Delivery,Lake Tracy,5,F,40
82793,1/1/2025,261,30,Home & Living,Blanket,4,321.18,Cash on Delivery,Ravenland,2,F,49
90952,9/5/2024,360,50,Sports & Outdoors,Tent,2,55.78,Cash on Delivery,Rachelborough,,,60
91742,8/11/2024,632,20,Fashion,Pants,1,332.78,Cash on Delivery,Brandichester,5,M,28
44592,8/17/2024,909,50,Sports & Outdoors,Soccer Ball,2,414.37,Credit Card,Laurenmouth,,,66
53649,12/22/2024,742,50,Sports & Outdoors,Yoga Mat,1,329.05,Cash on Delivery,Rebeccahaven,4,F,56
45831,2/7/2025,685,40,Books & Stationery,Eraser,1,151.94,Bank Transfer,Sanchezside,4,F,74
80435,7/5/2024,681,40,Books & Stationery,Notebook,1,232.24,Cash on Delivery,Kennethfort,,M,41
14447,3/20/2024,761,40,Books & Stationery,Pen,2,109.97,Cash on Delivery,Peterston,,F,69
32331,1/23/2025,241,30,Home & Living,Painting,2,487.93,Credit Card,Mitchellhaven,5,F,61
72286,2/7/2025,702,10,Electronics,Headphones,5,128.45,Credit Card,Robinhaven,2,M,58
78768,8/3/2024,880,10,Electronics,Smartphone,1,152.2,Bank Transfer,Cantumouth,5,M,49
26392,1/28/2025,282,20,Fashion,Dress,1,467.54,Cash on Delivery,Port Wandashire,3,F,73
16669,5/25/2024,360,40,Books & Stationery,Eraser,3,238.74,Bank Transfer,Nancytown,4,M,34
29275,11/23/2024,180,40,Books & Stationery,Eraser,4,234.04,Credit Card,Port Tracystad,1,M,68
69068,9/7/2024,220,10,Electronics,Headphones,5,252.5,Cash on Delivery,West Tamiville,5,M,71
37813,8/2/2024,792,10,Electronics,Smartphone,5,221.15,Bank Transfer,Phillipsborough,5,F,24
48519,9/22/2024,954,30,Home & Living,Pillow,4,206.28,Cash on Delivery,Lewisburgh,4,M,67
29305,7/24/2024,596,30,Home & Living,Pillow,3,199.31,Bank Transfer,Port Taraburgh,5,M,23
81394,12/17/2024,110,50,Sports & Outdoors,Tent,3,68.22,Credit Card,Cameronstad,3,F,52
26545,5/8/2024,985,30,Home & Living,Carpet,2,470.08,Credit Card,Millerhaven,,F,54
98794,7/9/2024,993,50,Sports & Outdoors,Soccer Ball,2,32.2,Credit Card,East Alexandriashire,5,F,57
87690,4/8/2024,775,50,Sports & Outdoors,Running Shoes,5,82.98,Cash on Delivery,East Kristen,,,41
52213,2/21/2025,648,30,Home & Living,Blanket,1,202.55,Cash on Delivery,Lake Joseph,5,M,57
49232,7/3/2024,172,30,Home & Living,Carpet,1,415.86,Cash on Delivery,Joshuaton,4,F,53
79470,3/12/2025,247,40,Books & Stationery,Novel,2,190.5,Cash on Delivery,Paulborough,,M,41
20522,11/7/2024,380,30,Home & Living,Pillow,2,302.49,Bank Transfer,Toddmouth,5,F,31
56073,5/2/2024,440,50,Sports & Outdoors,Tent,4,121.5,Credit Card,Lake Jennifer,4,M,57
41063,7/21/2024,890,50,Sports & Outdoors,Running Shoes,5,82.41,Cash on Delivery,South Jerry,1,F,27
62699,4/11/2024,722,10,Electronics,Laptop,4,19.28,Bank Transfer,Michaelchester,4,M,36
25889,9/24/2024,507,20,Fashion,Skirt,4,255.89,Cash on Delivery,West Kristinehaven,5,F,51
71237,9/5/2024,588,10,Electronics,Laptop,4,264.15,Cash on Delivery,Brentbury,3,F,57
34740,7/4/2024,111,50,Sports & Outdoors,Running Shoes,3,163.74,Credit Card,Port Jackview,4,F,44
37821,7/12/2024,855,50,Sports & Outdoors,Yoga Mat,2,341.18,Cash on Delivery,Port Robertchester,5,F,37
43279,3/30/2024,403,30,Home & Living,Carpet,4,247.25,Credit Card,Anthonyville,2,M,26
54459,5/22/2024,676,30,Home & Living,Painting,5,355.4,Cash on Delivery,Michellebury,5,M,35
71713,10/3/2024,819,30,Home & Living,Carpet,3,467.51,Cash on Delivery,Floydchester,2,M,50
55426,12/8/2024,139,50,Sports & Outdoors,Running Shoes,5,448.92,Bank Transfer,East Josestad,5,,69
79928,12/16/2024,246,20,Fashion,Dress,3,30.61,Cash on Delivery,East Chris,,,50
52566,1/24/2025,799,30,Home & Living,Vase,4,114.85,Cash on Delivery,West Jessica,2,F,31
49956,1/17/2025,675,30,Home & Living,Blanket,5,63.52,Cash on Delivery,Audreystad,4,M,24
79476,9/20/2024,880,50,Sports & Outdoors,Basketball,4,322.59,Credit Card,North Cristianview,,M,25
52052,10/27/2024,247,40,Books & Stationery,Novel,3,343.78,Credit Card,North Benjaminton,,F,20
45326,8/15/2024,714,20,Fashion,Skirt,2,329.92,Bank Transfer,Lake Joanna,4,M,41
38806,7/14/2024,665,30,Home & Living,Painting,3,149.85,Credit Card,Lake Brentfurt,5,M,62
46244,7/23/2024,263,50,Sports & Outdoors,Basketball,5,272.22,Cash on Delivery,Lake Ellen,5,M,62
39858,8/29/2024,339,20,Fashion,Skirt,5,442.3,Credit Card,West Jimmystad,5,M,19
51679,3/29/2024,861,40,Books & Stationery,Pen,4,101.29,Cash on Delivery,Williamsfort,5,,32
10201,10/14/2024,455,10,Electronics,Smartphone,4,156.21,Cash on Delivery,Leeborough,,,23
98074,8/3/2024,463,30,Home & Living,Vase,4,494.66,Cash on Delivery,East Jason,4,F,47
82077,9/14/2024,889,20,Fashion,Shirt,1,239.33,Credit Card,Brandyborough,5,M,37
20351,5/30/2024,627,40,Books & Stationery,Notebook,5,362.11,Credit Card,North Dana,5,F,62
24734,3/5/2025,674,50,Sports & Outdoors,Basketball,2,95.99,Cash on Delivery,Monicaland,5,F,39
87219,5/6/2024,234,50,Sports & Outdoors,Yoga Mat,1,52.5,Cash on Delivery,Sanchezborough,,,25
20393,2/28/2025,133,40,Books & Stationery,Notebook,5,468.55,Credit Card,South Elizabethport,2,M,68
84575,11/2/2024,922,30,Home & Living,Painting,4,157.95,Cash on Delivery,Perezmouth,4,M,68
38523,6/20/2024,383,30,Home & Living,Blanket,3,40.44,Credit Card,Rodgersfurt,4,M,60
90933,6/21/2024,799,50,Sports & Outdoors,Yoga Mat,3,348.24,Cash on Delivery,North Erikbury,5,M,65
53977,12/17/2024,125,50,Sports & Outdoors,Basketball,1,117.37,Credit Card,South Taylorchester,4,F,43
50771,5/16/2024,472,50,Sports & Outdoors,Yoga Mat,4,213.76,Cash on Delivery,Garciaville,5,F,24
21473,10/19/2024,369,20,Fashion,Pants,2,343.37,Cash on Delivery,Aprilton,5,M,56
93130,7/11/2024,233,40,Books & Stationery,Eraser,2,354.85,Credit Card,Eddiefurt,5,M,38
85009,1/23/2025,260,50,Sports & Outdoors,Tent,4,109.06,Cash on Delivery,Janetfort,,M,21
53070,11/19/2024,503,50,Sports & Outdoors,Running Shoes,5,66.96,Credit Card,Jefferyshire,5,F,68
36125,6/6/2024,521,50,Sports & Outdoors,Running Shoes,5,406.26,Bank Transfer,Rossview,,M,30
76563,10/31/2024,108,50,Sports & Outdoors,Soccer Ball,2,283.81,Cash on Delivery,Moniquemouth,5,F,59
35219,1/3/2025,739,40,Books & Stationery,Notebook,4,410.06,Cash on Delivery,East Lucas,1,M,21
39825,3/28/2024,301,40,Books & Stationery,Notebook,5,353.19,Cash on Delivery,New Isaacmouth,5,,50
32037,11/7/2024,897,10,Electronics,Tablet,5,25.55,Bank Transfer,South Holly,,M,42
13595,8/2/2024,311,40,Books & Stationery,Notebook,1,496.5,Bank Transfer,East Andrew,4,,25
58789,7/1/2024,318,40,Books & Stationery,Pen,4,49.32,Cash on Delivery,Lauraberg,5,M,72
80473,10/21/2024,317,30,Home & Living,Pillow,2,97.45,Cash on Delivery,Lake Brittanyburgh,3,M,44
15625,12/31/2024,852,20,Fashion,T-shirt,4,380.53,Bank Transfer,Williamsfort,4,F,45
71490,4/23/2024,364,40,Books & Stationery,Eraser,1,195.85,Credit Card,Robertton,1,M,45
66073,1/30/2025,983,30,Home & Living,Blanket,2,469.33,Cash on Delivery,Andersonview,5,M,40
49765,4/21/2024,389,40,Books & Stationery,Eraser,3,385.37,Credit Card,Jensenstad,1,M,35
83207,5/27/2024,530,50,Sports & Outdoors,Soccer Ball,5,228.76,Cash on Delivery,New Edwardville,5,M,56
55540,10/6/2024,424,10,Electronics,Tablet,4,225.09,Cash on Delivery,Villanuevaburgh,1,F,23
15824,12/25/2024,119,10,Electronics,Laptop,2,256.91,Bank Transfer,Vincenttown,1,,58
96162,9/12/2024,887,50,Sports & Outdoors,Yoga Mat,5,292.96,Cash on Delivery,South Jeffreystad,5,M,34
19293,6/20/2024,633,20,Fashion,Shirt,1,118.31,Bank Transfer,Clayfort,2,F,33
37972,10/7/2024,603,50,Sports & Outdoors,Basketball,4,316.74,Bank Transfer,Colemouth,4,M,53
11911,2/21/2025,572,30,Home & Living,Vase,3,395.04,Bank Transfer,Lake Tiffanyfurt,5,M,44
66566,7/28/2024,794,30,Home & Living,Vase,5,100.1,Cash on Delivery,Michaelstad,4,F,19
63722,6/24/2024,614,30,Home & Living,Blanket,1,404.83,Credit Card,East Carlos,4,,36
28186,5/17/2024,889,50,Sports & Outdoors,Tent,1,75.71,Credit Card,Port Christopherbury,2,M,41
14303,8/14/2024,332,10,Electronics,Tablet,5,425.1,Credit Card,Bakerburgh,4,F,51
49509,8/18/2024,508,10,Electronics,Headphones,1,194.81,Cash on Delivery,Phelpsstad,5,F,58
24078,11/29/2024,344,20,Fashion,Shirt,5,364.91,Cash on Delivery,West Jesusville,1,M,71
59338,1/3/2025,937,30,Home & Living,Painting,4,478.94,Credit Card,Josephton,1,M,48
57240,12/12/2024,426,10,Electronics,Tablet,4,458.08,Cash on Delivery,Jennachester,5,M,61
52736,4/15/2024,175,20,Fashion,Shirt,2,167.59,Bank Transfer,West Jerome,3,F,49
58283,1/25/2025,787,30,Home & Living,Painting,3,138.17,Cash on Delivery,Colemanchester,5,F,22
84978,9/5/2024,292,40,Books & Stationery,Notebook,1,458.02,Bank Transfer,Payneside,3,M,64
45699,2/3/2025,200,20,Fashion,Pants,3,17.95,Cash on Delivery,Lake Victoriafort,5,F,26
20938,10/22/2024,478,40,Books & Stationery,Notebook,1,84.68,Bank Transfer,Jordanmouth,1,F,40
31412,6/17/2024,898,20,Fashion,Skirt,2,279.81,Cash on Delivery,Nguyenfort,3,F,61
23743,4/14/2024,388,40,Books & Stationery,Pen,4,235.81,Cash on Delivery,Fishertown,5,M,43
63051,8/15/2024,525,50,Sports & Outdoors,Running Shoes,1,100.18,Cash on Delivery,South Wesley,5,,33
95641,5/25/2024,887,50,Sports & Outdoors,Soccer Ball,3,421.14,Credit Card,Kruegerton,5,F,74
93539,2/25/2025,907,10,Electronics,Tablet,2,77.37,Cash on Delivery,Gregoryville,1,F,43
20636,3/22/2024,707,10,Electronics,Laptop,2,257.81,Bank Transfer,Parkerfurt,,F,31
68604,4/7/2024,117,50,Sports & Outdoors,Running Shoes,2,333.05,Credit Card,North Donna,,F,45
99015,10/26/2024,420,10,Electronics,Smartphone,5,269.41,Bank Transfer,Lake Paulastad,4,M,66
46587,6/26/2024,715,50,Sports & Outdoors,Running Shoes,3,405.02,Credit Card,South Jimmyland,,M,52
17305,12/26/2024,914,20,Fashion,Pants,5,104.05,Cash on Delivery,Cabrerashire,2,M,28
23570,5/21/2024,721,40,Books & Stationery,Novel,5,192.8,Bank Transfer,Calebmouth,4,M,35
92246,2/11/2025,988,20,Fashion,Dress,3,345.18,Credit Card,Lewisburgh,5,F,21
75246,8/27/2024,643,10,Electronics,Smartphone,5,208.59,Bank Transfer,North Jessica,4,M,56
61329,12/7/2024,311,10,Electronics,Laptop,2,50.52,Bank Transfer,Ashleychester,5,M,74
93329,10/1/2024,775,10,Electronics,Smartwatch,4,460.38,Credit Card,Johnhaven,1,F,44
26186,5/27/2024,822,50,Sports & Outdoors,Running Shoes,3,142.84,Credit Card,Rebeccaborough,5,M,38
18555,3/6/2025,287,50,Sports & Outdoors,Tent,2,332.47,Credit Card,Gutierreztown,5,M,68
57457,5/11/2024,284,20,Fashion,Shirt,1,80.65,Cash on Delivery,South Shanehaven,5,,37
10825,9/9/2024,693,30,Home & Living,Blanket,1,286.34,Cash on Delivery,Port Marcusmouth,5,M,63
84991,11/20/2024,434,50,Sports & Outdoors,Yoga Mat,1,198.08,Cash on Delivery,East Anthonymouth,,,33
17263,6/10/2024,542,10,Electronics,Smartwatch,5,375.27,Bank Transfer,West Charlestown,,M,47
43226,9/9/2024,221,10,Electronics,Headphones,1,306.53,Cash on Delivery,North David,5,M,32
84629,12/24/2024,246,30,Home & Living,Pillow,4,320.72,Bank Transfer,Fritzchester,4,M,75
55698,3/16/2025,776,40,Books & Stationery,Pen,4,101.01,Cash on Delivery,Lake Cynthiastad,5,M,48
66122,11/6/2024,280,50,Sports & Outdoors,Yoga Mat,1,401.05,Cash on Delivery,Ryanberg,,M,46
24487,7/1/2024,468,40,Books & Stationery,Story Book,1,372.43,Bank Transfer,Brooksfort,3,M,38
60664,8/12/2024,809,30,Home & Living,Vase,3,186.36,Bank Transfer,East William,,M,21
46781,7/3/2024,543,40,Books & Stationery,Pen,1,282.92,Cash on Delivery,New Jose,4,M,32
47485,1/16/2025,868,30,Home & Living,Carpet,1,55.6,Cash on Delivery,Tatemouth,5,F,55
80222,6/25/2024,543,10,Electronics,Headphones,2,212.77,Credit Card,Schroederland,5,F,50
69990,4/22/2024,839,20,Fashion,Shirt,2,265.34,Cash on Delivery,Ericfurt,3,M,49
89114,7/14/2024,397,30,Home & Living,Painting,3,251.63,Credit Card,New Dylan,,M,40
61935,4/14/2024,484,30,Home & Living,Vase,3,393.51,Bank Transfer,Johnnyton,2,M,68
96674,4/30/2024,674,40,Books & Stationery,Eraser,3,312.17,Bank Transfer,Reedside,,M,21
37431,4/28/2024,736,40,Books & Stationery,Notebook,5,422.39,Bank Transfer,Lake Linda,5,M,26
13425,9/14/2024,852,30,Home & Living,Vase,4,409.58,Cash on Delivery,Port Luke,5,M,46
38547,12/10/2024,486,30,Home & Living,Carpet,3,474.17,Credit Card,West Courtneychester,4,M,61
42068,5/12/2024,529,40,Books & Stationery,Notebook,5,152.81,Cash on Delivery,Rosebury,5,,19
23008,11/1/2024,248,20,Fashion,Dress,5,194.27,Bank Transfer,Richardshire,3,,53
23420,8/19/2024,508,20,Fashion,Shirt,4,498.66,Credit Card,Port Adrianhaven,5,F,56
35117,2/24/2025,391,40,Books & Stationery,Story Book,5,224.84,Bank Transfer,Davidbury,5,M,60
79582,1/17/2025,388,40,Books & Stationery,Pen,1,78.2,Bank Transfer,Hughesfort,1,F,66
61272,5/1/2024,192,40,Books & Stationery,Pen,3,46.24,Cash on Delivery,North Kathryn,4,M,18
67596,2/15/2025,348,50,Sports & Outdoors,Running Shoes,2,276.39,Bank Transfer,Melanieton,5,F,41
60808,1/8/2025,424,50,Sports & Outdoors,Soccer Ball,3,63.59,Credit Card,Crawfordport,5,M,19
87513,5/4/2024,782,50,Sports & Outdoors,Soccer Ball,2,285.98,Cash on Delivery,Taylorview,5,M,44
30444,12/24/2024,651,30,Home & Living,Vase,4,61.91,Credit Card,Alexanderborough,2,F,38
62506,5/9/2024,560,50,Sports & Outdoors,Tent,1,294.45,Cash on Delivery,Port Kellyview,1,M,65
45719,8/25/2024,329,40,Books & Stationery,Eraser,3,348.31,Credit Card,Townsendville,3,M,26
89715,7/6/2024,941,10,Electronics,Headphones,1,213.83,Credit Card,South Lauren,,,28
58368,12/8/2024,522,20,Fashion,Dress,3,162.83,Bank Transfer,Amandamouth,5,F,23
41135,8/17/2024,862,30,Home & Living,Vase,4,57.84,Cash on Delivery,Lake Emily,5,M,23
78277,1/17/2025,157,30,Home & Living,Pillow,4,406.99,Credit Card,Keithland,,M,38
61065,4/20/2024,988,10,Electronics,Laptop,1,465.66,Cash on Delivery,West Rebekahland,1,M,25
96568,3/21/2024,842,20,Fashion,Dress,1,284.33,Bank Transfer,Port Melissa,1,M,62
14284,6/5/2024,865,20,Fashion,Pants,1,323.83,Bank Transfer,North Bradleymouth,3,F,63
90910,4/17/2024,280,20,Fashion,Skirt,3,300.18,Bank Transfer,Johnnystad,,M,24
42128,11/13/2024,563,30,Home & Living,Pillow,2,292.9,Cash on Delivery,North Rebeccashire,,M,46
58130,5/17/2024,171,40,Books & Stationery,Novel,1,138.55,Bank Transfer,Lake Mallory,4,F,56
40110,7/3/2024,325,50,Sports & Outdoors,Running Shoes,5,309.54,Cash on Delivery,North Johnny,,M,27
89076,10/12/2024,967,40,Books & Stationery,Eraser,3,94.54,Cash on Delivery,Wendychester,5,M,69
75860,7/2/2024,370,50,Sports & Outdoors,Tent,3,51.53,Credit Card,Patriciaberg,3,M,63
22360,4/19/2024,766,10,Electronics,Laptop,3,192.92,Credit Card,Port Maxwell,4,M,68
37265,5/1/2024,162,20,Fashion,Shirt,3,198.02,Credit Card,Colemanmouth,4,F,37
23672,10/30/2024,158,20,Fashion,Shirt,2,91.76,Bank Transfer,Aprilshire,,M,49
22599,1/28/2025,888,40,Books & Stationery,Eraser,4,36.27,Bank Transfer,Port Sarahfort,5,F,18
39126,8/9/2024,225,20,Fashion,Skirt,3,482.28,Cash on Delivery,Port Alexanderton,5,M,24
14108,9/22/2024,820,40,Books & Stationery,Pen,1,357.97,Bank Transfer,Markborough,4,M,55
12544,7/2/2024,958,10,Electronics,Laptop,3,153.12,Bank Transfer,Webermouth,1,M,28
49580,12/25/2024,828,40,Books & Stationery,Eraser,1,373.83,Bank Transfer,Watsonchester,4,M,30
96065,7/1/2024,297,10,Electronics,Headphones,2,389.81,Bank Transfer,Hickmanside,4,F,62
97353,2/20/2025,626,40,Books & Stationery,Eraser,2,117.09,Bank Transfer,North Jacobland,,F,31
90540,12/19/2024,259,20,Fashion,Dress,4,438.66,Credit Card,Port Dawn,4,M,49
33770,3/10/2025,716,10,Electronics,Tablet,1,433.99,Credit Card,East Frankhaven,5,M,42
82817,3/13/2025,486,50,Sports & Outdoors,Yoga Mat,4,431.91,Cash on Delivery,South Michael,5,M,29
27140,8/17/2024,260,20,Fashion,Pants,1,408.63,Credit Card,New Seth,4,F,21
53754,7/11/2024,190,50,Sports & Outdoors,Tent,1,92.5,Cash on Delivery,East Ericview,2,F,73
81512,12/23/2024,976,50,Sports & Outdoors,Soccer Ball,3,76.44,Bank Transfer,East Joshua,5,,49
62597,8/17/2024,828,20,Fashion,Pants,1,132.34,Cash on Delivery,Ramosport,3,M,54
40338,12/31/2024,310,40,Books & Stationery,Pen,5,79.66,Cash on Delivery,South Matthew,2,M,36
81439,11/17/2024,792,40,Books & Stationery,Novel,2,320.48,Credit Card,Woodsport,4,F,21
59486,11/29/2024,327,30,Home & Living,Vase,5,475.62,Bank Transfer,Brownbury,4,F,61
50145,10/26/2024,554,10,Electronics,Tablet,3,321.07,Cash on Delivery,Paulton,3,M,34
26849,11/24/2024,667,50,Sports & Outdoors,Running Shoes,3,116.74,Bank Transfer,Gardnerberg,5,F,27
99423,8/30/2024,675,30,Home & Living,Painting,5,175.5,Cash on Delivery,Adrianmouth,,F,73
10211,7/23/2024,964,30,Home & Living,Pillow,2,32.51,Cash on Delivery,Lake Michael,5,F,25
47342,8/30/2024,141,10,Electronics,Laptop,4,226.23,Credit Card,Port Tammyberg,5,M,59
35152,3/1/2025,106,20,Fashion,Dress,1,87.9,Bank Transfer,Christopherville,,M,64
28742,6/2/2024,184,10,Electronics,Headphones,5,335.61,Cash on Delivery,Christinaview,,M,34
20004,5/25/2024,137,30,Home & Living,Blanket,3,220.32,Credit Card,Justinport,5,M,49
53575,5/4/2024,622,40,Books & Stationery,Novel,3,75.02,Credit Card,Brownbury,4,M,33
34224,1/27/2025,347,10,Electronics,Headphones,5,410.38,Bank Transfer,Lynnland,5,F,35
87467,10/5/2024,199,20,Fashion,Skirt,4,53.77,Credit Card,Judithbury,,M,38
89887,5/13/2024,576,30,Home & Living,Blanket,3,197.53,Credit Card,West Stevenburgh,5,F,32
71870,12/30/2024,522,10,Electronics,Smartwatch,3,286.01,Cash on Delivery,West Justin,5,M,56
63842,6/22/2024,781,20,Fashion,Pants,2,460.75,Cash on Delivery,Nguyenmouth,5,F,68
97274,2/24/2025,560,10,Electronics,Smartphone,3,78.61,Credit Card,East Donna,4,M,55
23807,12/2/2024,547,40,Books & Stationery,Notebook,5,397.63,Credit Card,Jackshire,2,M,53
74278,10/13/2024,225,50,Sports & Outdoors,Tent,1,304,Cash on Delivery,Harrytown,2,,24
27836,6/9/2024,302,10,Electronics,Headphones,4,110.67,Cash on Delivery,Brownshire,4,F,73
13591,4/21/2024,884,30,Home & Living,Pillow,1,394.06,Credit Card,Cameronside,4,M,18
50980,5/29/2024,688,40,Books & Stationery,Eraser,2,44.8,Credit Card,New Donnatown,5,,27
53270,9/15/2024,848,20,Fashion,Skirt,1,431.8,Cash on Delivery,South Jessica,4,F,65
47212,3/28/2024,856,20,Fashion,Skirt,4,477.68,Credit Card,Port Jordan,,M,29
30090,3/26/2024,493,30,Home & Living,Blanket,3,29.52,Credit Card,Joshuamouth,5,M,20
47189,5/10/2024,700,30,Home & Living,Carpet,1,385.88,Bank Transfer,New Amy,5,M,57
92276,7/11/2024,555,50,Sports & Outdoors,Tent,4,311.86,Bank Transfer,West Jesus,,M,63
84661,4/4/2024,129,20,Fashion,Pants,2,272.83,Bank Transfer,Martineztown,4,F,38
62444,10/14/2024,222,10,Electronics,Headphones,3,352.35,Cash on Delivery,South Carriefurt,5,M,70
94912,11/14/2024,795,20,Fashion,T-shirt,4,463.07,Credit Card,East Robert,4,F,70
90560,5/26/2024,739,30,Home & Living,Blanket,2,68.53,Cash on Delivery,Lake Gabriella,,M,69
50437,9/20/2024,220,40,Books & Stationery,Notebook,2,266.27,Cash on Delivery,Port Jasmin,2,M,34
50139,12/10/2024,905,30,Home & Living,Pillow,4,388,Credit Card,Port Vincenttown,3,M,53
22264,3/26/2024,870,50,Sports & Outdoors,Soccer Ball,1,138.85,Cash on Delivery,Danielton,5,F,63
84937,5/2/2024,186,50,Sports & Outdoors,Yoga Mat,4,37.17,Cash on Delivery,Montgomeryberg,,M,45
44793,5/17/2024,401,10,Electronics,Smartwatch,5,340.32,Credit Card,West Michellemouth,1,F,54
11164,11/20/2024,154,10,Electronics,Smartphone,5,129.83,Bank Transfer,Yatesstad,3,,44
53993,3/6/2025,268,20,Fashion,T-shirt,3,280.9,Cash on Delivery,Whiteborough,5,M,47
15858,9/20/2024,626,30,Home & Living,Blanket,2,213.97,Cash on Delivery,Jacobville,3,F,51
20025,12/21/2024,681,50,Sports & Outdoors,Yoga Mat,2,68.51,Cash on Delivery,North Debraland,5,M,60
33753,8/18/2024,531,50,Sports & Outdoors,Soccer Ball,3,477.5,Credit Card,Lake Bethmouth,5,F,56
54627,8/18/2024,297,30,Home & Living,Painting,1,52.33,Bank Transfer,Taraborough,,M,42
92393,3/12/2025,344,50,Sports & Outdoors,Yoga Mat,5,372.39,Credit Card,South Christineberg,4,F,63
25309,8/24/2024,977,40,Books & Stationery,Story Book,3,368.91,Cash on Delivery,East Anthony,5,M,52
37422,8/28/2024,444,10,Electronics,Tablet,5,21.72,Cash on Delivery,Maddenview,3,F,22
99243,1/25/2025,739,10,Electronics,Headphones,2,10.72,Cash on Delivery,North Diane,3,F,55
26759,4/30/2024,762,30,Home & Living,Pillow,3,110.55,Credit Card,East Loretta,4,,44
77451,7/20/2024,509,20,Fashion,Dress,3,55.58,Credit Card,Andersonside,5,F,71
41613,2/21/2025,159,30,Home & Living,Vase,5,487.53,Credit Card,Port Melissaborough,4,F,19
20019,3/4/2025,886,40,Books & Stationery,Novel,4,300.03,Credit Card,Jeremyview,4,,34
76799,11/8/2024,691,20,Fashion,Dress,3,137.89,Bank Transfer,Freemanport,5,M,39
14911,1/18/2025,589,30,Home & Living,Painting,2,231.85,Credit Card,New Madeline,,M,74
42185,9/24/2024,615,50,Sports & Outdoors,Soccer Ball,2,86.15,Credit Card,Lake Spencer,4,M,35
36989,12/22/2024,639,10,Electronics,Smartwatch,3,185.56,Credit Card,Andersonfort,4,F,48
62189,2/21/2025,650,10,Electronics,Smartphone,3,87.23,Cash on Delivery,Smithfort,3,F,54
51971,4/9/2024,990,50,Sports & Outdoors,Soccer Ball,4,115.36,Bank Transfer,Port Johnport,,F,41
42991,8/24/2024,144,30,Home & Living,Vase,1,261.6,Cash on Delivery,Stevensfurt,2,F,44
61358,2/26/2025,439,20,Fashion,T-shirt,5,476.53,Bank Transfer,Port Paul,4,F,51
40849,1/3/2025,554,10,Electronics,Tablet,4,59.93,Credit Card,North Julie,,M,23
65102,9/10/2024,294,20,Fashion,Pants,1,107.09,Bank Transfer,Port Ryanville,3,F,52
93663,4/25/2024,482,10,Electronics,Smartwatch,1,297.2,Credit Card,Gonzalesside,,M,53
92929,10/13/2024,716,40,Books & Stationery,Story Book,2,55.07,Bank Transfer,Rogersfurt,,,44
17439,8/12/2024,520,10,Electronics,Laptop,4,462.82,Bank Transfer,Marieborough,5,M,55
25536,8/7/2024,482,10,Electronics,Tablet,3,344.77,Credit Card,Lake John,3,,43
45637,10/22/2024,961,30,Home & Living,Painting,3,228.55,Credit Card,East Whitney,,F,62
36922,10/17/2024,226,20,Fashion,Dress,1,254.46,Cash on Delivery,Lake Brittanyberg,4,M,75
48551,1/14/2025,374,40,Books & Stationery,Story Book,3,215.43,Cash on Delivery,Deborahview,5,F,69
62183,4/4/2024,568,50,Sports & Outdoors,Soccer Ball,2,494.81,Cash on Delivery,Jasontown,3,F,52
96862,9/28/2024,146,40,Books & Stationery,Notebook,5,457.21,Cash on Delivery,Barberside,3,M,29
94597,12/28/2024,241,10,Electronics,Headphones,2,302.59,Credit Card,Griffintown,5,F,28
44994,12/14/2024,879,10,Electronics,Tablet,5,269.42,Cash on Delivery,Lake April,5,,42
57366,5/9/2024,267,10,Electronics,Laptop,2,331.86,Bank Transfer,West Joshuahaven,4,F,32
74049,10/7/2024,354,10,Electronics,Laptop,5,292.09,Bank Transfer,West Jonathon,3,F,46
14046,12/19/2024,689,20,Fashion,Pants,4,125.91,Bank Transfer,North Amandaland,5,F,24
54645,7/30/2024,190,50,Sports & Outdoors,Soccer Ball,4,354.69,Bank Transfer,Scottmouth,5,F,75
24024,5/9/2024,869,50,Sports & Outdoors,Basketball,5,419.98,Bank Transfer,Shanetown,4,M,55
57449,10/20/2024,247,10,Electronics,Smartphone,5,37.52,Cash on Delivery,Luketon,1,F,32
87653,7/28/2024,653,10,Electronics,Headphones,2,459.77,Credit Card,Johnland,5,M,28
76203,4/3/2024,307,20,Fashion,Dress,5,39.18,Credit Card,Port Jeffrey,4,,61
45679,2/8/2025,470,10,Electronics,Smartwatch,4,431.73,Credit Card,Gutierrezville,3,,75
83914,7/12/2024,738,40,Books & Stationery,Eraser,2,59.51,Bank Transfer,Holtbury,3,,25
55931,9/13/2024,431,40,Books & Stationery,Pen,2,328.1,Credit Card,East Nicole,5,F,46
68792,11/9/2024,209,50,Sports & Outdoors,Yoga Mat,1,119.39,Cash on Delivery,Kevinville,5,M,38
58848,8/8/2024,876,30,Home & Living,Blanket,2,97.08,Credit Card,North Jennifer,5,,36
13992,9/28/2024,375,40,Books & Stationery,Eraser,5,25.87,Cash on Delivery,Karenside,3,F,40
33897,6/11/2024,755,50,Sports & Outdoors,Basketball,1,323.43,Credit Card,Port Joseph,5,M,48
69817,12/12/2024,100,10,Electronics,Laptop,4,179.94,Bank Transfer,West Jennifer,,F,18
88142,11/9/2024,992,10,Electronics,Headphones,3,228.85,Bank Transfer,Carlville,1,F,50
43023,11/13/2024,241,30,Home & Living,Painting,5,395.64,Cash on Delivery,Lake Michaelport,,M,44
76411,11/18/2024,576,40,Books & Stationery,Story Book,4,443.43,Bank Transfer,Port Tony,5,M,57
53652,6/14/2024,899,40,Books & Stationery,Novel,5,416.12,Cash on Delivery,Johnmouth,5,F,56
23300,6/5/2024,737,20,Fashion,Skirt,2,46.12,Credit Card,East Mariebury,2,M,66
96041,9/22/2024,595,10,Electronics,Smartphone,2,177.49,Bank Transfer,Kirbyport,,M,56
33156,3/16/2025,855,10,Electronics,Headphones,3,301.07,Cash on Delivery,New Danielberg,5,F,60
81896,1/20/2025,105,40,Books & Stationery,Story Book,2,307.59,Bank Transfer,New Matthew,,M,21
17483,6/11/2024,205,20,Fashion,Pants,4,210.55,Cash on Delivery,Lisafurt,5,F,48
56269,8/25/2024,575,30,Home & Living,Painting,5,155.73,Credit Card,Leachstad,,F,57
62764,11/3/2024,901,40,Books & Stationery,Story Book,4,36.71,Credit Card,Paulabury,4,M,23
63876,9/4/2024,545,50,Sports & Outdoors,Running Shoes,2,107.84,Credit Card,Nicolebury,1,F,53
76057,7/3/2024,560,10,Electronics,Tablet,4,423.45,Bank Transfer,New Rhondaborough,5,F,52
28381,4/26/2024,973,30,Home & Living,Pillow,1,324.51,Bank Transfer,Loribury,,F,35
62323,11/4/2024,308,30,Home & Living,Blanket,5,228.43,Bank Transfer,New Terrancetown,4,M,26
13120,4/7/2024,893,30,Home & Living,Carpet,1,40.2,Cash on Delivery,New David,5,M,59
78206,8/17/2024,610,30,Home & Living,Carpet,5,212.85,Cash on Delivery,North Jacob,1,M,18
63278,5/31/2024,722,40,Books & Stationery,Eraser,2,215.13,Cash on Delivery,Lake Matthew,5,,53
77729,3/23/2024,744,50,Sports & Outdoors,Basketball,3,243.37,Credit Card,Julieborough,3,F,64
76603,2/27/2025,511,10,Electronics,Smartwatch,2,289.9,Cash on Delivery,Lake Toddside,5,F,36
61332,6/1/2024,200,50,Sports & Outdoors,Basketball,2,68.94,Bank Transfer,Paulberg,,,39
16119,12/3/2024,628,20,Fashion,Pants,1,71.83,Bank Transfer,Williamsside,,F,28
91463,9/27/2024,110,20,Fashion,Pants,5,418.71,Bank Transfer,Johnsonborough,3,F,66
85934,3/23/2024,141,10,Electronics,Smartphone,2,200.17,Bank Transfer,Edwardview,4,F,60
91509,2/24/2025,113,50,Sports & Outdoors,Running Shoes,3,459.41,Credit Card,Robertfort,5,F,43
36278,11/9/2024,246,50,Sports & Outdoors,Running Shoes,2,65.13,Credit Card,Reginachester,,F,75
13725,6/16/2024,564,10,Electronics,Smartphone,4,285.72,Credit Card,Hughesmouth,5,F,26
45232,5/28/2024,140,30,Home & Living,Vase,2,139.43,Cash on Delivery,New Kyle,4,F,67
55539,12/13/2024,614,10,Electronics,Laptop,5,144.95,Credit Card,Jasonbury,5,F,59
77318,2/18/2025,305,40,Books & Stationery,Novel,2,203.94,Bank Transfer,Brownchester,5,M,23
25761,5/11/2024,657,40,Books & Stationery,Notebook,4,449.55,Credit Card,Port Andre,3,F,29
62981,7/20/2024,200,30,Home & Living,Painting,2,422.99,Cash on Delivery,Wrightport,5,,67
54917,12/26/2024,405,20,Fashion,Pants,4,157.24,Cash on Delivery,Christopherburgh,4,F,62
73536,6/12/2024,311,30,Home & Living,Vase,5,306.44,Credit Card,Port Ashleyview,,M,61
47349,1/26/2025,517,40,Books & Stationery,Pen,2,382.15,Bank Transfer,Hernandezfort,5,F,47
19284,7/28/2024,944,20,Fashion,T-shirt,5,162.45,Cash on Delivery,Phillipsport,4,F,52
60712,2/9/2025,775,50,Sports & Outdoors,Tent,5,24.18,Credit Card,Georgestad,5,M,57
92087,3/26/2024,888,10,Electronics,Laptop,4,26.2,Credit Card,South Michael,5,F,21
99315,10/3/2024,618,30,Home & Living,Painting,3,413.52,Cash on Delivery,Michelleview,3,,39
10679,4/23/2024,819,10,Electronics,Laptop,4,192.51,Cash on Delivery,Douglashaven,4,,53
53474,9/26/2024,892,40,Books & Stationery,Eraser,5,280.15,Bank Transfer,Johnburgh,,F,44
47962,6/13/2024,396,10,Electronics,Headphones,3,23.45,Credit Card,Bryceland,,F,22
39413,10/1/2024,362,20,Fashion,Pants,2,327.22,Cash on Delivery,Wesleytown,1,F,23
46239,1/26/2025,413,50,Sports & Outdoors,Soccer Ball,2,433.67,Cash on Delivery,Landryburgh,,,52
59603,9/5/2024,125,20,Fashion,Shirt,2,402.42,Credit Card,New Melissa,2,F,28
92950,3/27/2024,265,30,Home & Living,Painting,2,217.67,Bank Transfer,Austinbury,5,F,37
85365,12/18/2024,870,20,Fashion,Skirt,2,158.05,Cash on Delivery,Andersonshire,5,M,59
17937,2/17/2025,787,10,Electronics,Smartphone,4,260.64,Cash on Delivery,Joetown,5,F,53
74288,8/4/2024,173,50,Sports & Outdoors,Tent,2,308.43,Bank Transfer,Lake Williamfort,5,F,25
77157,1/7/2025,635,30,Home & Living,Painting,4,323.89,Bank Transfer,Port Pamelatown,2,F,61
87140,12/2/2024,977,30,Home & Living,Blanket,3,83.47,Credit Card,New Joshua,5,F,28
54306,9/26/2024,409,50,Sports & Outdoors,Running Shoes,1,333.66,Cash on Delivery,Jacobfort,,M,39
36926,3/29/2024,350,40,Books & Stationery,Notebook,2,137.12,Bank Transfer,Simonfort,4,F,68
74490,5/26/2024,677,50,Sports & Outdoors,Tent,1,409.85,Bank Transfer,Jamesmouth,5,M,65
75854,10/8/2024,783,50,Sports & Outdoors,Running Shoes,3,454.2,Cash on Delivery,Timothychester,3,M,19
17341,8/10/2024,291,20,Fashion,Shirt,5,98.76,Credit Card,Port Timothyshire,4,F,20
35822,4/22/2024,748,50,Sports & Outdoors,Basketball,1,473.99,Bank Transfer,Lake Jason,5,M,57
47566,9/7/2024,574,20,Fashion,Dress,4,216.03,Bank Transfer,South John,3,F,32
81133,11/16/2024,682,40,Books & Stationery,Novel,1,240.56,Cash on Delivery,East Kristin,4,,33
82756,9/28/2024,597,10,Electronics,Tablet,3,445.82,Cash on Delivery,Ricemouth,,F,73
14276,9/14/2024,513,50,Sports & Outdoors,Yoga Mat,5,212.42,Credit Card,East Stevenmouth,,M,73
48855,11/5/2024,809,40,Books & Stationery,Eraser,1,447.49,Bank Transfer,Watkinsburgh,,F,47
58295,7/17/2024,187,20,Fashion,T-shirt,3,248.91,Cash on Delivery,Penningtonberg,5,M,39
24196,1/6/2025,229,10,Electronics,Smartphone,1,231.51,Credit Card,Timothyland,5,M,41
92507,7/19/2024,170,20,Fashion,Skirt,1,394.75,Credit Card,Bridgetchester,,M,48
57960,4/9/2024,951,40,Books & Stationery,Pen,1,220.22,Bank Transfer,Connerburgh,3,M,29
34368,7/31/2024,204,20,Fashion,Dress,3,475.53,Bank Transfer,Kurtmouth,5,F,69
82764,4/23/2024,763,10,Electronics,Smartphone,1,317.08,Credit Card,Lake Scottfurt,1,F,37
71646,9/15/2024,693,30,Home & Living,Blanket,2,60.33,Cash on Delivery,Hernandezmouth,4,M,48
82989,5/24/2024,892,10,Electronics,Headphones,1,474.75,Bank Transfer,Port Marvinmouth,5,F,61
91997,3/21/2024,118,30,Home & Living,Vase,4,445.11,Credit Card,South Wanda,3,,47
38807,10/11/2024,756,30,Home & Living,Blanket,4,90.79,Bank Transfer,Curryhaven,,M,63
81959,3/13/2025,433,20,Fashion,Pants,2,369.7,Cash on Delivery,Martinbury,4,M,19
48904,2/7/2025,931,10,Electronics,Tablet,3,439.51,Bank Transfer,Raymondland,5,F,63
29007,9/11/2024,951,50,Sports & Outdoors,Soccer Ball,4,334.37,Cash on Delivery,Morrisburgh,5,M,24
35793,11/23/2024,427,10,Electronics,Tablet,2,227.71,Credit Card,South Sharonburgh,4,F,66
56948,1/28/2025,349,20,Fashion,Pants,3,350.64,Cash on Delivery,Port Christopher,,M,55
65579,10/7/2024,533,10,Electronics,Smartwatch,1,142.29,Cash on Delivery,Cervantesland,5,M,63
61930,4/5/2024,660,10,Electronics,Smartwatch,3,362.2,Credit Card,Maxwellhaven,2,F,44
32947,1/10/2025,387,40,Books & Stationery,Story Book,2,308.41,Bank Transfer,Morrisonmouth,5,,41
27766,9/25/2024,257,30,Home & Living,Vase,5,154.72,Credit Card,Lake Troyshire,4,,39
21745,12/23/2024,560,40,Books & Stationery,Notebook,5,124.91,Credit Card,Schultzborough,5,,54
77096,11/30/2024,369,50,Sports & Outdoors,Running Shoes,4,83.08,Credit Card,Millerborough,5,M,22
99677,2/15/2025,622,10,Electronics,Headphones,4,325.73,Bank Transfer,Kennethstad,5,M,70
39828,2/12/2025,953,40,Books & Stationery,Novel,3,58.91,Credit Card,Markchester,5,F,75
84736,6/27/2024,624,30,Home & Living,Painting,1,218.74,Credit Card,Denisefurt,,F,68
49782,10/27/2024,911,10,Electronics,Smartphone,3,427.48,Cash on Delivery,Lake Brianbury,5,M,63
45241,10/14/2024,448,40,Books & Stationery,Eraser,5,141.47,Cash on Delivery,Port Stacey,,F,29
13431,1/3/2025,591,20,Fashion,T-shirt,3,206.38,Bank Transfer,Port Jason,2,M,63
91430,11/8/2024,417,40,Books & Stationery,Pen,5,327.93,Credit Card,Tinaport,,F,36
14487,11/1/2024,923,10,Electronics,Laptop,5,60.82,Cash on Delivery,South Melinda,4,F,56
74218,12/30/2024,631,40,Books & Stationery,Story Book,1,309.55,Bank Transfer,New Natalie,5,F,52
37624,3/8/2025,681,20,Fashion,Skirt,1,461,Credit Card,Dennisburgh,5,M,20
25561,11/23/2024,275,10,Electronics,Headphones,1,330.94,Credit Card,Port Samanthafort,5,F,31
25091,1/30/2025,766,50,Sports & Outdoors,Tent,5,119.75,Cash on Delivery,Port Laurenfort,5,F,20
65398,11/18/2024,505,50,Sports & Outdoors,Soccer Ball,4,222.1,Cash on Delivery,East Codyport,1,M,33
37040,7/28/2024,628,40,Books & Stationery,Story Book,3,421.13,Cash on Delivery,Matthewmouth,5,F,41
53928,7/18/2024,624,10,Electronics,Laptop,5,257.73,Bank Transfer,Butlerton,5,F,35
81400,8/2/2024,950,10,Electronics,Tablet,4,167.11,Bank Transfer,South Elizabeth,5,M,48
38645,2/12/2025,851,20,Fashion,Shirt,2,325.23,Bank Transfer,Raymondchester,5,M,27
61294,8/23/2024,645,40,Books & Stationery,Eraser,2,229.57,Bank Transfer,Port Jameston,4,M,38
42912,10/5/2024,811,40,Books & Stationery,Novel,5,60.3,Bank Transfer,Joshuaborough,,F,21
91781,3/20/2024,497,10,Electronics,Smartwatch,3,481.95,Cash on Delivery,North Thomas,3,F,42
72072,2/9/2025,349,20,Fashion,Skirt,3,475.67,Bank Transfer,East Annettemouth,5,F,51
89104,12/7/2024,358,40,Books & Stationery,Notebook,3,284.47,Cash on Delivery,Christophertown,4,F,55
25897,11/22/2024,247,30,Home & Living,Vase,5,65.87,Cash on Delivery,Randallburgh,1,M,29
29111,11/12/2024,355,30,Home & Living,Carpet,3,265.77,Cash on Delivery,Brownmouth,,F,18
18651,7/4/2024,121,40,Books & Stationery,Story Book,5,412.7,Cash on Delivery,Roychester,5,M,29
36373,9/25/2024,901,50,Sports & Outdoors,Basketball,1,101.9,Bank Transfer,Port Lindaton,1,F,50
63014,3/12/2025,323,20,Fashion,Dress,3,62.81,Bank Transfer,East David,,F,39
90154,7/27/2024,762,50,Sports & Outdoors,Soccer Ball,1,388.35,Bank Transfer,New Amy,4,F,19
81927,5/4/2024,669,50,Sports & Outdoors,Basketball,1,482.29,Credit Card,Dukeborough,4,M,61
50538,10/2/2024,868,40,Books & Stationery,Eraser,2,246.64,Cash on Delivery,North Ryanfort,5,,33
31600,2/19/2025,775,50,Sports & Outdoors,Basketball,2,367.94,Credit Card,Lake Maryborough,,F,32
50200,5/3/2024,841,50,Sports & Outdoors,Yoga Mat,2,257.01,Bank Transfer,Lake Jason,4,F,39
16430,10/23/2024,522,20,Fashion,Dress,2,204.96,Bank Transfer,Rodriguezport,5,F,57
99042,5/26/2024,343,20,Fashion,Pants,2,212.25,Cash on Delivery,Jamesfort,5,F,69
29306,12/7/2024,162,50,Sports & Outdoors,Yoga Mat,3,358.82,Cash on Delivery,Williamsburgh,5,M,41
64799,10/30/2024,950,50,Sports & Outdoors,Yoga Mat,4,346.44,Cash on Delivery,East Christopher,,F,71
56589,12/27/2024,969,20,Fashion,Shirt,1,275.82,Cash on Delivery,Priceburgh,3,M,18
79379,10/18/2024,411,30,Home & Living,Carpet,5,245.38,Cash on Delivery,East William,5,F,54
51171,9/8/2024,608,50,Sports & Outdoors,Yoga Mat,1,439.96,Bank Transfer,South Tonya,5,F,19
48362,5/12/2024,186,10,Electronics,Tablet,1,81.21,Cash on Delivery,Guzmanside,,M,45
86056,5/27/2024,629,20,Fashion,Dress,2,344.86,Credit Card,Devonmouth,5,F,63
90329,8/17/2024,114,30,Home & Living,Blanket,4,379.26,Credit Card,East Amandaside,3,F,49
52647,12/16/2024,806,50,Sports & Outdoors,Tent,4,433.77,Cash on Delivery,Port Timothy,5,M,43
60295,9/14/2024,636,50,Sports & Outdoors,Yoga Mat,2,349.54,Credit Card,Joshuabury,5,M,71
47453,8/4/2024,175,30,Home & Living,Carpet,2,36.36,Cash on Delivery,Alvaradoborough,2,F,58
26742,8/30/2024,349,40,Books & Stationery,Story Book,3,456.63,Cash on Delivery,Toddton,5,M,75
31977,4/1/2024,490,50,Sports & Outdoors,Tent,5,371.84,Credit Card,North Marissa,5,,52
18511,4/7/2024,877,30,Home & Living,Vase,4,96.94,Cash on Delivery,West Alicia,,,56
12945,9/30/2024,798,50,Sports & Outdoors,Soccer Ball,5,194.83,Bank Transfer,Lake Vincentview,2,M,42
86737,1/16/2025,352,20,Fashion,Shirt,1,424.55,Credit Card,Port Matthew,3,F,24
67405,4/13/2024,183,20,Fashion,T-shirt,2,85.31,Bank Transfer,Morrisport,4,F,43
52751,9/8/2024,399,50,Sports & Outdoors,Yoga Mat,3,250.37,Cash on Delivery,Coreyfort,4,M,43
54453,1/28/2025,246,30,Home & Living,Carpet,2,117.78,Credit Card,West Samuelhaven,4,F,19
13011,7/29/2024,231,20,Fashion,Skirt,2,276.11,Bank Transfer,Lunafort,,M,69
67232,5/29/2024,645,20,Fashion,Dress,2,172.22,Bank Transfer,Meyerchester,1,F,52
92859,9/12/2024,727,50,Sports & Outdoors,Running Shoes,3,498.35,Cash on Delivery,Patriciaville,,F,27
51714,7/12/2024,479,40,Books & Stationery,Story Book,3,453.2,Cash on Delivery,Karenstad,5,M,27
79715,11/22/2024,977,10,Electronics,Headphones,5,196.87,Credit Card,West Crystal,3,F,38
26457,10/7/2024,279,30,Home & Living,Pillow,5,456.55,Bank Transfer,Hawkinschester,4,F,60
36759,4/16/2024,952,40,Books & Stationery,Novel,5,155.25,Cash on Delivery,Michaelfurt,,F,43
59266,10/14/2024,405,10,Electronics,Laptop,2,486.1,Cash on Delivery,North Michaelborough,4,F,63
18191,12/11/2024,355,20,Fashion,Pants,2,433.83,Bank Transfer,Port Jasmine,5,M,26
43995,4/26/2024,537,40,Books & Stationery,Novel,4,375.98,Credit Card,South Donna,,F,62
62030,5/28/2024,375,10,Electronics,Smartphone,2,45.89,Credit Card,West Patriciachester,5,F,64
62120,3/5/2025,501,50,Sports & Outdoors,Basketball,3,456.38,Bank Transfer,East Bryanport,3,F,50
97308,5/21/2024,712,40,Books & Stationery,Notebook,2,18.28,Cash on Delivery,New Melissa,,M,64
86727,3/10/2025,102,50,Sports & Outdoors,Soccer Ball,4,380.42,Cash on Delivery,Patriciafort,,F,46
94503,9/24/2024,874,30,Home & Living,Carpet,2,62.01,Cash on Delivery,East Moniquefort,3,M,68
82945,5/23/2024,952,40,Books & Stationery,Pen,2,203.61,Cash on Delivery,Francofort,,M,39
45242,1/14/2025,471,20,Fashion,Pants,4,375.91,Cash on Delivery,Port Melissaborough,2,F,73
32168,9/29/2024,896,30,Home & Living,Painting,4,479.12,Credit Card,Lesliemouth,4,F,39
43139,7/6/2024,669,10,Electronics,Smartphone,5,12.46,Cash on Delivery,Veronicaland,3,F,67
88885,12/13/2024,393,10,Electronics,Headphones,1,112.93,Cash on Delivery,Port Emily,5,M,27
27584,1/10/2025,366,40,Books & Stationery,Eraser,1,79.8,Credit Card,Port Diana,1,F,51
89618,3/1/2025,567,20,Fashion,T-shirt,1,98.87,Cash on Delivery,New Michealtown,5,F,42
70242,4/21/2024,732,50,Sports & Outdoors,Running Shoes,2,325.89,Credit Card,Garciamouth,2,M,27
11655,3/5/2025,961,10,Electronics,Laptop,4,365.54,Bank Transfer,Navarrostad,5,M,61
77187,5/3/2024,500,20,Fashion,T-shirt,1,149.72,Credit Card,South Edgartown,5,M,40
85139,12/13/2024,844,40,Books & Stationery,Notebook,1,312.01,Bank Transfer,Jackmouth,5,M,57
49769,2/11/2025,295,50,Sports & Outdoors,Yoga Mat,5,405.77,Bank Transfer,Garciafurt,,M,26
18860,1/13/2025,860,20,Fashion,Skirt,1,145.57,Bank Transfer,West Austin,,F,61
48216,8/12/2024,738,40,Books & Stationery,Pen,5,228.23,Bank Transfer,Mendozatown,4,M,21
32522,11/17/2024,638,50,Sports & Outdoors,Soccer Ball,4,422.48,Credit Card,Michaelchester,5,M,42
37275,7/22/2024,765,10,Electronics,Smartphone,1,447.13,Cash on Delivery,East Robert,5,F,57
92654,6/10/2024,693,50,Sports & Outdoors,Running Shoes,1,386.91,Credit Card,Wendyborough,5,F,31
60796,6/1/2024,535,50,Sports & Outdoors,Tent,2,241.33,Credit Card,Joshuastad,3,M,73
98151,5/14/2024,707,50,Sports & Outdoors,Yoga Mat,2,75.6,Cash on Delivery,West Robertmouth,4,M,45
19327,4/26/2024,454,50,Sports & Outdoors,Soccer Ball,3,334.71,Cash on Delivery,Henryborough,5,F,26
77848,7/14/2024,713,20,Fashion,Skirt,4,88.02,Cash on Delivery,Simmonsview,5,F,39
99026,8/18/2024,665,20,Fashion,Skirt,5,470.2,Credit Card,West Antonio,1,F,34
48813,3/14/2025,395,10,Electronics,Headphones,1,191.02,Credit Card,West James,5,F,75
88937,1/4/2025,504,30,Home & Living,Vase,2,240.14,Bank Transfer,East Veronicaville,5,M,34
29312,8/12/2024,481,30,Home & Living,Pillow,4,354.83,Cash on Delivery,South Antonioton,5,M,64
21298,1/17/2025,479,30,Home & Living,Carpet,4,276.73,Credit Card,Wayneside,3,M,55
82746,11/18/2024,101,50,Sports & Outdoors,Soccer Ball,3,263.16,Bank Transfer,Brandonbury,5,M,35
45270,4/26/2024,685,40,Books & Stationery,Notebook,1,410.45,Bank Transfer,Raytown,4,F,71
65819,6/16/2024,691,50,Sports & Outdoors,Soccer Ball,2,255.9,Credit Card,East Michaelborough,4,M,34
14029,2/20/2025,436,50,Sports & Outdoors,Yoga Mat,4,113.64,Credit Card,Lake Hayley,,F,57
42097,5/8/2024,317,10,Electronics,Laptop,3,213.16,Bank Transfer,West Daniel,5,F,63
78056,9/21/2024,313,40,Books & Stationery,Pen,2,113.24,Credit Card,South Mark,5,M,43
29123,9/12/2024,506,20,Fashion,T-shirt,3,72.66,Cash on Delivery,East Daleton,,F,39
11363,10/2/2024,816,10,Electronics,Smartwatch,3,81.96,Credit Card,Pattersonfort,2,M,63
47637,9/28/2024,197,40,Books & Stationery,Eraser,2,484.93,Cash on Delivery,West Mary,,F,42
72471,8/22/2024,557,30,Home & Living,Pillow,3,116.13,Cash on Delivery,Mayland,5,F,69
55956,5/17/2024,110,20,Fashion,Pants,3,416.88,Cash on Delivery,Smithville,,F,70
60036,11/27/2024,244,20,Fashion,Shirt,4,333.23,Bank Transfer,South Julieborough,,F,57
65235,7/29/2024,554,40,Books & Stationery,Eraser,1,299.39,Credit Card,Joshuafort,3,M,19
68904,12/16/2024,957,10,Electronics,Laptop,4,266.13,Cash on Delivery,Chenmouth,5,F,25
11101,9/27/2024,750,50,Sports & Outdoors,Soccer Ball,5,96.94,Cash on Delivery,South Katiefurt,4,F,22
91161,5/29/2024,556,50,Sports & Outdoors,Tent,3,378.67,Credit Card,Port Christopher,4,M,25
31593,2/16/2025,343,50,Sports & Outdoors,Tent,1,415.49,Cash on Delivery,Washingtonmouth,5,F,44
19180,8/17/2024,427,30,Home & Living,Pillow,2,351.84,Bank Transfer,New Lauramouth,1,F,50
21588,3/25/2024,112,40,Books & Stationery,Notebook,2,298.63,Cash on Delivery,South Veronica,5,F,33
92632,10/15/2024,712,50,Sports & Outdoors,Soccer Ball,3,218.49,Bank Transfer,North Jason,4,M,26
92429,9/20/2024,710,10,Electronics,Headphones,4,303.16,Cash on Delivery,Jonesville,4,M,50
99265,8/24/2024,532,10,Electronics,Smartwatch,5,266.04,Cash on Delivery,Garyville,,F,43
12167,11/20/2024,500,30,Home & Living,Vase,1,187.51,Credit Card,West Jeffreyview,4,F,46
22739,7/15/2024,196,30,Home & Living,Carpet,5,217.55,Bank Transfer,South Matthewburgh,5,,24
51408,2/14/2025,511,40,Books & Stationery,Story Book,2,212.48,Cash on Delivery,Kiddmouth,4,M,59
98186,8/25/2024,606,50,Sports & Outdoors,Running Shoes,1,134.35,Bank Transfer,Lake Brianbury,4,F,47
31253,12/11/2024,226,40,Books & Stationery,Story Book,3,428.95,Cash on Delivery,New Coleside,,M,43
34709,10/28/2024,636,20,Fashion,T-shirt,2,115.08,Bank Transfer,West Nicholas,5,F,19
96221,2/14/2025,136,50,Sports & Outdoors,Soccer Ball,1,88.76,Cash on Delivery,East Tanyafurt,,M,31
98713,2/5/2025,260,20,Fashion,Skirt,1,463.67,Bank Transfer,Catherinebury,,M,37
79880,6/1/2024,664,30,Home & Living,Pillow,5,308.42,Cash on Delivery,Scottburgh,3,,20
79018,9/8/2024,460,50,Sports & Outdoors,Tent,2,150.37,Cash on Delivery,Port Samantha,,F,54
88218,2/4/2025,299,20,Fashion,Skirt,3,225.1,Credit Card,Martinezshire,5,,40
69327,8/28/2024,183,50,Sports & Outdoors,Yoga Mat,3,105.43,Cash on Delivery,Port Joseton,4,F,72
52134,4/11/2024,592,50,Sports & Outdoors,Basketball,1,340.27,Bank Transfer,West Rogerberg,1,M,65
39427,6/13/2024,292,20,Fashion,T-shirt,3,498.44,Bank Transfer,Connerstad,3,M,60
55371,4/2/2024,753,50,Sports & Outdoors,Basketball,4,263.69,Cash on Delivery,South Anthonyfurt,5,,73
96190,11/4/2024,415,50,Sports & Outdoors,Yoga Mat,5,365.81,Cash on Delivery,Patriciaville,5,M,18
55421,3/16/2025,315,30,Home & Living,Blanket,2,307.12,Credit Card,New Shawn,4,M,26
36683,2/21/2025,125,10,Electronics,Headphones,2,95.77,Cash on Delivery,Ellisland,,M,68
96700,3/27/2024,598,30,Home & Living,Painting,4,474.04,Cash on Delivery,South Anthony,5,F,64
15505,10/25/2024,465,50,Sports & Outdoors,Yoga Mat,2,350.15,Bank Transfer,Jamiefort,4,F,19
46965,2/21/2025,329,30,Home & Living,Vase,3,343.98,Cash on Delivery,West Bradleymouth,5,F,47
73481,8/24/2024,538,30,Home & Living,Pillow,4,197.51,Credit Card,Bateshaven,5,M,22
32978,11/11/2024,667,30,Home & Living,Vase,4,478.17,Cash on Delivery,South Elizabeth,4,F,25
60294,4/19/2024,486,30,Home & Living,Blanket,4,150.77,Bank Transfer,Thomastown,5,F,26
27462,9/8/2024,864,10,Electronics,Smartwatch,5,466.38,Bank Transfer,Johnfort,3,M,67
58481,4/18/2024,128,50,Sports & Outdoors,Yoga Mat,4,99.56,Cash on Delivery,Taylorland,5,,57
93038,1/6/2025,847,40,Books & Stationery,Story Book,5,125.08,Credit Card,North Michelletown,5,M,36
82649,11/26/2024,983,20,Fashion,Pants,1,419.8,Bank Transfer,Smithmouth,,M,60
47335,8/25/2024,776,10,Electronics,Tablet,5,310.78,Cash on Delivery,East David,5,F,49
90319,6/25/2024,797,30,Home & Living,Carpet,4,164.55,Cash on Delivery,South Jacquelineside,5,F,69
86183,2/21/2025,263,50,Sports & Outdoors,Yoga Mat,3,204.96,Cash on Delivery,Port Victoriashire,,F,72
24175,3/19/2025,122,40,Books & Stationery,Pen,5,470.43,Credit Card,Frazierbury,4,M,25
73858,5/21/2024,604,20,Fashion,Skirt,4,488.49,Cash on Delivery,South Robert,4,M,42
52435,11/11/2024,529,10,Electronics,Smartphone,5,340.31,Bank Transfer,West Kendrafort,4,M,18
11455,4/14/2024,374,50,Sports & Outdoors,Yoga Mat,2,101.7,Bank Transfer,Wrightfort,1,F,48
93036,1/28/2025,964,50,Sports & Outdoors,Yoga Mat,4,189.3,Bank Transfer,Smithburgh,4,M,30
76569,1/12/2025,447,30,Home & Living,Painting,1,428.62,Bank Transfer,New Christopherside,4,F,56
13356,12/27/2024,232,50,Sports & Outdoors,Basketball,5,408.95,Cash on Delivery,East Joseph,2,M,38
95980,12/6/2024,804,40,Books & Stationery,Pen,1,106.07,Cash on Delivery,Haileyville,,F,75
13042,5/15/2024,464,20,Fashion,Skirt,5,254.8,Cash on Delivery,Martinside,4,F,54
64649,12/7/2024,438,40,Books & Stationery,Notebook,5,132.98,Cash on Delivery,Alexanderberg,,M,45
79954,7/25/2024,295,20,Fashion,T-shirt,5,115.58,Bank Transfer,West Carlosberg,4,F,31
73957,7/28/2024,834,40,Books & Stationery,Notebook,5,137.29,Bank Transfer,Shawmouth,4,,24
96551,10/21/2024,526,30,Home & Living,Painting,2,19.72,Credit Card,Elliottmouth,3,F,25
85518,3/11/2025,519,50,Sports & Outdoors,Basketball,1,292.66,Cash on Delivery,East Martin,5,M,75
82689,9/23/2024,254,30,Home & Living,Painting,1,169.29,Cash on Delivery,South Christine,4,F,23
87052,6/13/2024,815,10,Electronics,Tablet,3,310.7,Bank Transfer,Webbburgh,5,M,67
35514,8/12/2024,791,20,Fashion,Dress,4,216.69,Cash on Delivery,Port Matthewfort,4,F,35
78620,7/11/2024,909,10,Electronics,Smartphone,1,89.38,Credit Card,Tiffanyport,3,F,47
96418,9/18/2024,939,30,Home & Living,Carpet,2,325.88,Bank Transfer,New David,5,F,64
80018,11/6/2024,257,30,Home & Living,Carpet,4,265.26,Bank Transfer,Susanchester,4,M,65
25370,9/9/2024,576,10,Electronics,Laptop,1,366.61,Cash on Delivery,Port Markport,2,F,57
30282,2/19/2025,411,10,Electronics,Laptop,3,91.79,Credit Card,Webbton,,,68
11578,5/22/2024,787,40,Books & Stationery,Eraser,2,36.37,Bank Transfer,Brayfurt,4,,35
97390,7/24/2024,512,10,Electronics,Headphones,3,312.87,Credit Card,Davidborough,5,F,71
22729,3/31/2024,649,30,Home & Living,Blanket,2,131.22,Bank Transfer,West Reginaldbury,4,M,32
32747,6/30/2024,322,50,Sports & Outdoors,Basketball,1,24,Cash on Delivery,Port Kimberlymouth,3,,71
93277,6/20/2024,428,40,Books & Stationery,Pen,1,487.74,Cash on Delivery,Lake Jillton,5,F,70
31245,7/25/2024,209,20,Fashion,Shirt,1,96.75,Cash on Delivery,New Raymond,4,F,39
50842,10/14/2024,300,50,Sports & Outdoors,Running Shoes,3,266.5,Cash on Delivery,South Stephenport,4,,58
42780,11/26/2024,482,40,Books & Stationery,Eraser,4,121.29,Credit Card,Port Craigfort,4,M,32
43949,1/28/2025,346,30,Home & Living,Blanket,3,158.75,Credit Card,Graystad,4,F,27
50142,10/18/2024,347,20,Fashion,Dress,2,150.51,Cash on Delivery,Port Kellyport,,,18
97111,9/7/2024,897,40,Books & Stationery,Notebook,4,14.47,Bank Transfer,East Brittany,5,F,33
88321,9/22/2024,738,10,Electronics,Smartwatch,5,193.09,Bank Transfer,West Jerry,5,M,48
95344,10/12/2024,551,20,Fashion,Pants,3,360.32,Cash on Delivery,Wrightmouth,3,M,61
88797,10/26/2024,244,30,Home & Living,Pillow,3,216.9,Credit Card,Robertmouth,4,F,43
88975,11/14/2024,577,50,Sports & Outdoors,Yoga Mat,3,149.49,Cash on Delivery,New Norma,4,M,59
52849,3/20/2024,829,20,Fashion,T-shirt,3,99.38,Bank Transfer,Katherineview,,F,19
25985,2/7/2025,480,40,Books & Stationery,Notebook,2,353.23,Bank Transfer,Port Debbieborough,,M,65
74178,12/13/2024,179,10,Electronics,Smartwatch,1,20.84,Credit Card,Jonathanstad,2,M,52
16797,7/27/2024,333,40,Books & Stationery,Novel,1,124.08,Credit Card,North Nancyville,,M,59
61595,11/1/2024,586,40,Books & Stationery,Notebook,2,395.01,Bank Transfer,West Masonton,5,F,32
57134,8/29/2024,101,10,Electronics,Headphones,4,49.31,Credit Card,Barronborough,,F,42
54710,4/11/2024,343,10,Electronics,Smartwatch,5,240.37,Credit Card,Huntberg,5,M,27
45307,1/14/2025,162,40,Books & Stationery,Novel,1,69.76,Cash on Delivery,West Anne,1,F,68
98156,3/20/2024,759,40,Books & Stationery,Story Book,3,371.43,Credit Card,Vasquezmouth,,F,48
85771,12/18/2024,299,10,Electronics,Smartwatch,2,336.34,Credit Card,Brownport,4,F,56
69632,11/13/2024,451,30,Home & Living,Painting,3,87.72,Cash on Delivery,Port James,,,36
39305,7/25/2024,846,50,Sports & Outdoors,Soccer Ball,4,134.12,Cash on Delivery,Cindyberg,2,M,32
42739,9/29/2024,149,10,Electronics,Laptop,5,486.9,Credit Card,Jenniferville,5,M,43
19510,10/21/2024,648,20,Fashion,Dress,4,296.5,Bank Transfer,Jaychester,5,M,25
79723,7/16/2024,568,10,Electronics,Smartwatch,1,393.9,Bank Transfer,Popeview,5,M,44
58363,9/2/2024,536,10,Electronics,Laptop,5,87.27,Credit Card,New Louis,5,M,63
54476,1/14/2025,678,10,Electronics,Smartphone,2,184.2,Credit Card,Tiffanyshire,5,F,21
81507,1/13/2025,611,20,Fashion,Skirt,1,124.01,Cash on Delivery,New Josephland,5,F,58
14376,2/15/2025,840,40,Books & Stationery,Story Book,5,20.46,Bank Transfer,Ericside,3,M,34
98227,5/25/2024,960,10,Electronics,Tablet,4,356.25,Cash on Delivery,North Stevenborough,2,F,75
32637,7/15/2024,175,20,Fashion,Shirt,3,101.45,Bank Transfer,West Richard,3,F,33
32787,12/5/2024,359,50,Sports & Outdoors,Tent,5,88.57,Cash on Delivery,Lindsaybury,,M,28
64016,10/29/2024,970,30,Home & Living,Carpet,1,189.89,Credit Card,Rodgershaven,5,F,61
38808,4/21/2024,928,20,Fashion,T-shirt,2,313.67,Bank Transfer,South Coltonport,5,M,73
48725,6/2/2024,471,10,Electronics,Smartwatch,2,411.33,Credit Card,West Amanda,4,F,64
79047,9/16/2024,517,50,Sports & Outdoors,Basketball,3,310.39,Bank Transfer,Rhodesfurt,4,M,62
84001,9/17/2024,970,10,Electronics,Smartwatch,5,332.86,Credit Card,East Robynmouth,5,M,67
24025,10/16/2024,761,10,Electronics,Laptop,5,62.46,Credit Card,Brooksmouth,,F,54
72324,4/19/2024,735,40,Books & Stationery,Pen,1,267.65,Cash on Delivery,Crosbyfort,4,M,64
93644,1/31/2025,734,20,Fashion,Shirt,2,361.74,Credit Card,West Denisemouth,5,M,33
35717,3/10/2025,374,40,Books & Stationery,Novel,1,239.35,Cash on Delivery,Danielmouth,,F,34
79189,8/30/2024,639,40,Books & Stationery,Notebook,1,399.18,Credit Card,Davidton,5,M,66
97433,7/26/2024,677,10,Electronics,Smartphone,4,418.88,Credit Card,North Lisafort,5,,59
46834,6/24/2024,506,10,Electronics,Smartphone,5,365.33,Cash on Delivery,Charlesview,3,M,24
91867,5/20/2024,893,20,Fashion,Shirt,1,316.41,Credit Card,North Stevenshire,4,F,45
15872,3/14/2025,733,10,Electronics,Smartwatch,2,185.4,Bank Transfer,Reidchester,5,M,39
41333,5/4/2024,459,10,Electronics,Laptop,3,398.31,Cash on Delivery,Reidville,4,M,43
82894,12/15/2024,585,20,Fashion,Shirt,1,499.23,Bank Transfer,Johnstad,5,,58
73282,7/23/2024,883,50,Sports & Outdoors,Yoga Mat,1,423.98,Bank Transfer,Lake Alexandriachester,5,M,24
37729,12/31/2024,180,30,Home & Living,Carpet,2,127.95,Cash on Delivery,East Erikton,1,F,48
48803,9/27/2024,285,30,Home & Living,Painting,1,481.21,Bank Transfer,New Kristen,5,M,31
36855,9/22/2024,132,10,Electronics,Headphones,2,301.92,Cash on Delivery,Port Jo,,F,43
40540,10/25/2024,509,10,Electronics,Headphones,3,492.35,Credit Card,North Jimmyborough,5,M,72
17074,6/2/2024,224,30,Home & Living,Carpet,1,260.52,Cash on Delivery,Benjaminburgh,5,M,37
62821,1/15/2025,146,10,Electronics,Tablet,5,184.27,Credit Card,Larsonburgh,2,F,36
65571,3/20/2024,646,20,Fashion,Pants,1,135.56,Bank Transfer,Michaelside,,M,20
19925,1/29/2025,747,20,Fashion,T-shirt,3,364.55,Bank Transfer,North Danielmouth,,F,51
56744,8/17/2024,798,50,Sports & Outdoors,Soccer Ball,5,301.66,Bank Transfer,Lake Lindafort,,F,27
99850,2/27/2025,453,40,Books & Stationery,Novel,3,392.26,Bank Transfer,Bakerside,3,F,50
91017,1/29/2025,408,40,Books & Stationery,Novel,2,436.2,Credit Card,Millermouth,5,F,26
55304,11/16/2024,417,10,Electronics,Tablet,1,36.52,Cash on Delivery,North Janet,,F,34
41567,1/25/2025,292,20,Fashion,Dress,4,256.18,Credit Card,New Jenniferberg,,F,32
28844,4/30/2024,580,40,Books & Stationery,Pen,2,378.89,Cash on Delivery,Jasonfort,4,M,51
89576,9/21/2024,774,30,Home & Living,Vase,3,82.53,Bank Transfer,Lake Jeanneview,,F,26
95795,6/28/2024,955,10,Electronics,Smartwatch,4,205.6,Credit Card,South Omarport,3,M,22
27117,11/27/2024,312,20,Fashion,Pants,4,245.65,Credit Card,West Jonathanmouth,4,F,66
39659,2/26/2025,881,20,Fashion,Shirt,2,311.84,Cash on Delivery,New Kurtmouth,4,M,75
63665,11/14/2024,747,30,Home & Living,Vase,1,168.47,Cash on Delivery,Stephenmouth,,F,41
19863,5/14/2024,315,40,Books & Stationery,Notebook,2,180.67,Bank Transfer,South Thomasmouth,3,F,24
98418,5/28/2024,471,30,Home & Living,Blanket,2,493.95,Cash on Delivery,East Hannahhaven,5,F,63
50575,9/24/2024,107,50,Sports & Outdoors,Basketball,4,225.83,Credit Card,Lake Sharonmouth,,M,29
81790,4/15/2024,854,10,Electronics,Smartphone,5,372.39,Credit Card,North Jonathanborough,5,,74
78752,4/7/2024,158,30,Home & Living,Pillow,5,178.2,Credit Card,Lake Tinahaven,3,F,49
14520,12/22/2024,222,30,Home & Living,Blanket,3,372.61,Credit Card,Brookshaven,1,F,69
51391,2/15/2025,418,30,Home & Living,Carpet,5,246.68,Cash on Delivery,Port Derek,5,F,31
95940,6/24/2024,672,10,Electronics,Tablet,3,295.67,Cash on Delivery,Coxfurt,4,M,29
19238,1/11/2025,517,10,Electronics,Headphones,2,108.34,Cash on Delivery,Donaldside,5,M,70
24744,7/8/2024,818,10,Electronics,Smartphone,5,200.44,Bank Transfer,South Kristi,5,,34
35625,11/24/2024,863,30,Home & Living,Pillow,2,19.35,Cash on Delivery,Lake Johnland,3,,22
45508,10/15/2024,300,50,Sports & Outdoors,Soccer Ball,3,452.9,Bank Transfer,Tonyamouth,5,F,53
49017,5/7/2024,128,20,Fashion,Pants,1,255.32,Bank Transfer,Shawnburgh,4,F,70
52278,7/25/2024,749,10,Electronics,Laptop,3,461.91,Bank Transfer,East Sarah,3,M,21
14109,7/17/2024,149,20,Fashion,T-shirt,5,179.92,Bank Transfer,Romerostad,3,M,48
98997,10/22/2024,703,50,Sports & Outdoors,Yoga Mat,3,407.83,Cash on Delivery,Port Joseph,2,M,59
40188,2/24/2025,533,10,Electronics,Smartwatch,1,475.07,Credit Card,Gilmoreberg,,F,75
11645,12/23/2024,642,20,Fashion,T-shirt,5,367.65,Cash on Delivery,Kelseyton,5,F,65
65284,1/14/2025,290,20,Fashion,Skirt,3,127.78,Credit Card,Smithstad,4,M,75
45059,1/15/2025,856,50,Sports & Outdoors,Yoga Mat,1,230.09,Credit Card,Lake Lorichester,1,M,49
60063,12/19/2024,173,50,Sports & Outdoors,Basketball,1,432.67,Bank Transfer,Jacobsside,5,F,68
27736,11/8/2024,106,20,Fashion,Skirt,1,497.89,Credit Card,South Jonathan,5,F,58
26583,4/10/2024,217,20,Fashion,Dress,4,43.23,Cash on Delivery,Lake Nicholas,5,M,60
27730,3/19/2025,385,30,Home & Living,Blanket,1,366.27,Bank Transfer,Tiffanystad,5,M,44
72159,5/12/2024,329,40,Books & Stationery,Notebook,3,227.07,Cash on Delivery,Snyderborough,5,M,64
72238,3/28/2024,435,20,Fashion,T-shirt,2,74.46,Credit Card,Kevinland,5,F,74
38114,5/9/2024,817,30,Home & Living,Carpet,2,287.85,Credit Card,South Brianna,4,M,20
19405,6/29/2024,433,10,Electronics,Headphones,4,48.94,Bank Transfer,Curtisshire,,F,23
93547,6/29/2024,663,40,Books & Stationery,Notebook,3,100.15,Bank Transfer,South Christopherburgh,4,M,65
49262,7/14/2024,910,20,Fashion,Pants,3,25.79,Credit Card,South Luishaven,5,,22
97874,5/30/2024,967,20,Fashion,Pants,5,381.31,Credit Card,Lake Matthew,,,71
76505,12/11/2024,295,40,Books & Stationery,Eraser,5,250.07,Bank Transfer,Armstrongberg,5,F,19
41014,7/11/2024,569,40,Books & Stationery,Pen,1,390.35,Cash on Delivery,West Deanna,5,M,34
94899,3/19/2024,853,30,Home & Living,Vase,5,309.64,Cash on Delivery,East Maryland,4,F,47
21391,1/11/2025,143,10,Electronics,Smartwatch,1,63.56,Bank Transfer,Port Dana,5,M,28
99233,9/8/2024,842,20,Fashion,Shirt,1,273.56,Cash on Delivery,West Teresa,,M,43
35246,10/11/2024,209,10,Electronics,Laptop,3,152.68,Bank Transfer,West Lisa,5,F,46
65789,8/12/2024,368,30,Home & Living,Vase,3,91.58,Bank Transfer,Pughton,5,M,69
68218,6/11/2024,680,50,Sports & Outdoors,Basketball,4,237.15,Cash on Delivery,Markton,4,F,39
87200,2/11/2025,937,10,Electronics,Laptop,1,391.58,Cash on Delivery,Jefferyborough,4,M,68
87478,4/19/2024,788,30,Home & Living,Vase,1,22.21,Bank Transfer,Williamton,4,F,50
35014,7/28/2024,149,20,Fashion,Skirt,1,54.19,Bank Transfer,Jamesland,5,,33
73507,12/25/2024,133,20,Fashion,T-shirt,4,54.68,Cash on Delivery,Beckerview,4,M,74
33203,5/31/2024,236,50,Sports & Outdoors,Running Shoes,5,366.17,Cash on Delivery,Pettymouth,5,M,62
10792,4/21/2024,898,50,Sports & Outdoors,Running Shoes,2,31.51,Credit Card,East Lisaview,5,F,49
69895,4/27/2024,848,20,Fashion,Pants,3,435.72,Credit Card,South Carolynchester,5,M,50
19845,10/26/2024,798,30,Home & Living,Painting,2,367.78,Bank Transfer,New Michaeltown,2,M,45
57116,10/6/2024,319,20,Fashion,Pants,5,11.73,Bank Transfer,Catherinestad,,F,60
90219,7/15/2024,430,40,Books & Stationery,Eraser,1,405.65,Cash on Delivery,West April,5,M,58
99259,9/4/2024,426,50,Sports & Outdoors,Running Shoes,3,232.33,Bank Transfer,Johntown,,F,62
47814,7/17/2024,557,20,Fashion,Shirt,1,146.28,Cash on Delivery,East Johnton,4,F,39
55438,6/9/2024,716,10,Electronics,Laptop,3,82.65,Cash on Delivery,Port Jenniferchester,3,M,51
84328,2/6/2025,122,10,Electronics,Smartwatch,1,420.63,Bank Transfer,Lake Kelly,3,M,54
35155,11/19/2024,956,10,Electronics,Tablet,2,496.93,Credit Card,Blackchester,5,F,20
72701,3/22/2024,828,50,Sports & Outdoors,Tent,5,395.78,Credit Card,Webbfort,5,F,56
43869,6/27/2024,306,30,Home & Living,Pillow,2,55.63,Bank Transfer,Traciburgh,3,F,69
57419,12/15/2024,222,10,Electronics,Tablet,2,423.22,Credit Card,Alvaradobury,2,M,29
24147,8/23/2024,568,30,Home & Living,Painting,1,268.26,Cash on Delivery,Davistown,1,M,29
21838,6/25/2024,582,10,Electronics,Smartphone,2,289.97,Cash on Delivery,Popeport,4,M,70
37330,3/27/2024,881,50,Sports & Outdoors,Yoga Mat,5,219.26,Bank Transfer,West Molly,2,F,49
69487,8/31/2024,729,50,Sports & Outdoors,Yoga Mat,4,464.28,Cash on Delivery,Port Michaelville,4,F,62
64496,6/18/2024,146,40,Books & Stationery,Pen,1,405.91,Cash on Delivery,Bradleyview,1,M,61
11021,8/12/2024,114,20,Fashion,T-shirt,5,67.92,Bank Transfer,North James,5,M,47
21063,1/23/2025,327,20,Fashion,Shirt,2,499.5,Bank Transfer,Dorseymouth,,M,66
95274,5/15/2024,126,20,Fashion,T-shirt,5,323.9,Cash on Delivery,Cassandramouth,2,F,45
11871,9/23/2024,479,30,Home & Living,Painting,3,258.28,Bank Transfer,East Kevinchester,5,M,65
89789,4/19/2024,953,30,Home & Living,Painting,4,204.06,Cash on Delivery,Huffmanshire,5,M,71
92942,1/17/2025,489,20,Fashion,Pants,3,171.95,Bank Transfer,Ashleyside,5,F,29
21664,6/10/2024,395,40,Books & Stationery,Novel,3,326.37,Bank Transfer,Simpsonshire,,F,39
94070,11/26/2024,822,50,Sports & Outdoors,Yoga Mat,2,236.61,Bank Transfer,West Tyler,5,M,67
97102,3/28/2024,663,50,Sports & Outdoors,Yoga Mat,4,286.82,Cash on Delivery,Port Justinbury,3,F,55
71609,1/22/2025,510,20,Fashion,Shirt,2,345.89,Bank Transfer,South Kristenbury,,M,24
54318,6/29/2024,142,10,Electronics,Headphones,2,491.97,Cash on Delivery,East Blakeborough,4,M,18
99887,9/24/2024,237,50,Sports & Outdoors,Running Shoes,1,101.82,Credit Card,North Wendyberg,5,F,50
97829,10/9/2024,640,30,Home & Living,Pillow,5,143.03,Credit Card,Lake Alison,4,M,38
46034,4/26/2024,995,40,Books & Stationery,Notebook,5,115.91,Bank Transfer,Ronaldborough,,M,54
76076,12/20/2024,184,10,Electronics,Laptop,4,457.54,Bank Transfer,Suttonfort,4,F,29
74233,10/13/2024,750,50,Sports & Outdoors,Basketball,2,103.2,Bank Transfer,New Miranda,5,F,60
33094,8/12/2024,298,30,Home & Living,Blanket,2,387.05,Credit Card,Lake Loristad,5,,68
99414,8/17/2024,186,20,Fashion,Pants,4,365.04,Bank Transfer,Jaclynview,3,F,55
49993,3/23/2024,880,10,Electronics,Smartphone,1,162.38,Credit Card,Scottville,5,F,73
24639,5/30/2024,797,10,Electronics,Headphones,3,238.77,Credit Card,Garzaport,,F,49
80803,3/24/2024,882,30,Home & Living,Pillow,1,293,Bank Transfer,South William,5,M,26
56431,7/3/2024,600,20,Fashion,Pants,3,150.42,Cash on Delivery,Andreatown,3,M,42
77076,5/27/2024,973,10,Electronics,Headphones,3,83.17,Bank Transfer,Adamsbury,,,71
32363,4/19/2024,157,50,Sports & Outdoors,Tent,1,60.16,Cash on Delivery,Greenborough,3,M,61
84308,6/26/2024,144,20,Fashion,Dress,5,291.3,Credit Card,Lewisfort,,F,68
20853,7/10/2024,499,30,Home & Living,Carpet,3,227.39,Credit Card,West Alexfort,,,39
61650,12/19/2024,804,10,Electronics,Smartphone,2,197.96,Credit Card,Bradleyville,4,M,29
51729,1/24/2025,713,50,Sports & Outdoors,Tent,3,318.44,Cash on Delivery,Port Darrylstad,5,F,23
53843,11/12/2024,256,30,Home & Living,Painting,5,410.55,Cash on Delivery,New Kimberly,5,F,38
78972,10/24/2024,112,10,Electronics,Tablet,4,288.22,Credit Card,Robinsonstad,5,,60
89875,1/6/2025,759,40,Books & Stationery,Novel,1,233.24,Cash on Delivery,East Jennifershire,5,F,30
44902,7/12/2024,801,40,Books & Stationery,Story Book,4,474.25,Credit Card,West Reginald,5,F,34
55905,3/2/2025,550,30,Home & Living,Vase,1,99.84,Cash on Delivery,Port Darren,3,F,73
94304,1/26/2025,701,30,Home & Living,Vase,5,248.88,Credit Card,Lewisfort,4,M,56
55131,11/8/2024,866,40,Books & Stationery,Story Book,2,148.31,Bank Transfer,South Douglasland,5,M,67
63100,12/18/2024,974,10,Electronics,Tablet,5,410.6,Credit Card,South Lisaland,3,F,58
27148,1/7/2025,635,30,Home & Living,Carpet,1,235.88,Cash on Delivery,Kurtfurt,4,F,40
55134,12/4/2024,837,50,Sports & Outdoors,Basketball,4,487.21,Bank Transfer,Marthabury,,M,46
88309,6/11/2024,524,50,Sports & Outdoors,Running Shoes,1,394.31,Bank Transfer,Robertmouth,4,M,41
33859,1/26/2025,712,20,Fashion,Pants,4,334.68,Credit Card,Laurietown,5,F,25
75395,3/19/2025,175,40,Books & Stationery,Novel,2,300.16,Bank Transfer,Jesseburgh,3,M,64
98363,1/30/2025,332,40,Books & Stationery,Story Book,2,160.94,Bank Transfer,Hallbury,,M,27
43591,6/12/2024,302,50,Sports & Outdoors,Running Shoes,4,170.43,Cash on Delivery,Frankbury,5,M,37
11479,1/28/2025,331,20,Fashion,Shirt,2,452.6,Cash on Delivery,Jamesview,5,F,48
94141,9/1/2024,701,20,Fashion,Skirt,4,270.32,Bank Transfer,North Jeannemouth,5,M,48
54371,2/5/2025,325,20,Fashion,Dress,4,156.87,Cash on Delivery,East Jamesborough,3,,37
67967,5/4/2024,965,40,Books & Stationery,Notebook,3,495.24,Cash on Delivery,Hodgemouth,,,30
99828,9/12/2024,510,40,Books & Stationery,Story Book,5,427.73,Credit Card,Douglastown,3,F,72
92290,11/6/2024,445,10,Electronics,Smartphone,5,354.64,Bank Transfer,New Amberville,,M,49
61427,9/17/2024,410,10,Electronics,Laptop,4,221.54,Cash on Delivery,New Sean,3,M,71
20658,11/6/2024,177,40,Books & Stationery,Pen,3,196.97,Cash on Delivery,North Kelsey,1,M,34
